user_id,signup_date,acquisition_channel,country
1,2025-02-25,paid_search,US
2,2025-06-25,organic,US
3,2025-10-15,organic,US
4,2025-10-21,organic,IN
5,2025-01-16,organic,CA
6,2025-07-10,content,UK
7,2025-05-15,paid_search,US
8,2025-12-26,referral,US
9,2025-10-28,organic,US
10,2025-11-02,paid_search,UK
11,2024-12-13,paid_social,UK
12,2024-09-26,organic,US
13,2025-06-22,paid_social,AU
14,2024-11-26,referral,UK
15,2025-05-13,paid_social,US
16,2025-06-26,paid_search,US
17,2024-08-31,organic,CA
18,2025-11-03,referral,DE
19,2025-03-03,paid_search,DE
20,2024-12-01,referral,UK
21,2025-06-11,referral,DE
22,2025-05-21,paid_social,US
23,2025-12-25,content,US
24,2024-11-25,organic,US
25,2025-11-25,paid_social,US
26,2025-06-23,organic,US
27,2024-08-10,paid_social,AU
28,2025-12-01,paid_search,IN
29,2025-11-12,organic,US
30,2025-07-15,paid_search,US
31,2025-06-18,organic,US
32,2024-08-15,paid_search,AU
33,2025-12-10,organic,UK
34,2026-01-07,organic,DE
35,2024-12-05,referral,DE
36,2025-01-25,paid_social,CA
37,2024-08-21,paid_search,US
38,2024-09-20,paid_search,DE
39,2025-09-15,referral,UK
40,2024-11-24,organic,AU
41,2024-10-02,paid_search,IN
42,2026-01-20,content,US
43,2025-03-14,paid_social,US
44,2025-06-29,organic,UK
45,2024-10-31,paid_search,BR
46,2025-09-16,organic,UK
47,2025-05-03,paid_search,US
48,2025-05-09,paid_search,BR
49,2024-08-30,content,US
50,2025-10-23,paid_social,US
51,2025-05-10,paid_social,UK
52,2025-11-21,paid_social,BR
53,2025-11-24,organic,DE
54,2024-12-24,organic,IN
55,2024-12-07,paid_search,IN
56,2025-02-19,paid_search,UK
57,2025-12-11,paid_social,DE
58,2025-03-28,paid_social,US
59,2025-04-13,organic,IN
60,2025-10-31,paid_search,US
61,2024-11-10,organic,US
62,2025-08-09,organic,IN
63,2024-08-30,organic,DE
64,2025-07-08,organic,AU
65,2025-06-28,organic,US
66,2025-06-22,organic,US
67,2026-01-24,paid_search,UK
68,2025-11-19,organic,IN
69,2025-08-26,paid_social,US
70,2025-08-21,paid_search,CA
71,2025-09-05,organic,AU
72,2026-01-22,paid_search,US
73,2025-05-10,organic,CA
74,2025-11-08,organic,IN
75,2024-12-28,organic,IN
76,2025-11-04,paid_social,IN
77,2025-09-07,paid_social,BR
78,2025-03-05,paid_social,US
79,2025-07-06,organic,IN
80,2025-10-11,organic,DE
81,2025-06-16,content,DE
82,2025-09-08,paid_social,US
83,2025-03-07,referral,DE
84,2025-11-23,referral,CA
85,2024-12-25,organic,US
86,2026-01-09,organic,CA
87,2026-01-13,referral,IN
88,2025-01-28,organic,AU
89,2025-10-19,paid_search,DE
90,2025-04-07,paid_social,US
91,2025-10-31,content,UK
92,2024-11-30,organic,US
93,2025-12-20,paid_social,DE
94,2025-11-20,paid_search,UK
95,2024-11-10,organic,US
96,2025-06-27,paid_search,UK
97,2024-12-21,organic,IN
98,2026-01-19,paid_social,DE
99,2024-12-11,organic,UK
100,2025-07-28,organic,US
101,2025-06-19,organic,DE
102,2024-11-12,paid_search,US
103,2024-11-23,organic,IN
104,2024-08-26,content,IN
105,2024-12-05,paid_social,US
106,2025-01-29,paid_search,IN
107,2024-11-09,paid_search,US
108,2025-05-04,organic,US
109,2025-11-14,paid_social,US
110,2026-01-10,organic,IN
111,2025-07-04,organic,AU
112,2024-08-03,paid_social,US
113,2025-01-09,organic,US
114,2025-12-28,referral,US
115,2025-04-20,paid_search,DE
116,2025-12-16,organic,DE
117,2026-01-06,paid_search,US
118,2025-08-14,content,US
119,2025-01-13,content,US
120,2025-06-13,paid_search,BR
121,2026-01-23,content,US
122,2025-08-23,organic,CA
123,2025-05-08,paid_search,UK
124,2025-11-06,content,US
125,2025-12-20,paid_social,UK
126,2025-08-27,referral,CA
127,2025-09-21,organic,US
128,2025-03-27,organic,US
129,2025-08-21,organic,US
130,2025-06-19,paid_search,US
131,2025-09-13,paid_social,AU
132,2025-01-17,organic,US
133,2024-08-31,organic,UK
134,2025-05-22,content,AU
135,2025-09-02,paid_social,IN
136,2025-07-25,organic,BR
137,2025-12-15,paid_search,UK
138,2025-06-29,paid_social,CA
139,2025-09-27,referral,US
140,2025-04-05,organic,IN
141,2025-01-27,paid_social,IN
142,2025-12-30,organic,DE
143,2026-01-29,paid_social,UK
144,2026-01-24,referral,IN
145,2025-05-27,organic,AU
146,2024-12-09,organic,UK
147,2025-08-17,paid_social,CA
148,2025-03-11,organic,BR
149,2026-01-03,organic,UK
150,2025-12-09,paid_social,IN
151,2025-08-18,paid_search,US
152,2025-05-17,organic,AU
153,2025-08-28,organic,CA
154,2025-12-12,organic,UK
155,2025-09-11,referral,US
156,2025-01-20,content,UK
157,2025-01-26,organic,US
158,2025-08-19,paid_social,AU
159,2026-01-14,paid_social,US
160,2025-12-21,paid_search,UK
161,2024-11-20,paid_social,AU
162,2025-09-02,organic,US
163,2024-12-12,organic,IN
164,2025-08-01,referral,US
165,2025-12-11,referral,AU
166,2025-11-02,referral,UK
167,2026-01-30,paid_search,US
168,2025-05-04,paid_search,AU
169,2024-12-17,referral,BR
170,2025-03-12,paid_social,BR
171,2025-06-07,content,US
172,2025-04-02,paid_social,UK
173,2025-09-02,paid_search,US
174,2024-09-03,referral,DE
175,2025-06-28,paid_search,IN
176,2026-01-04,paid_social,US
177,2024-07-19,paid_search,CA
178,2025-07-19,referral,BR
179,2025-02-26,content,UK
180,2025-05-24,organic,US
181,2025-12-14,paid_search,IN
182,2026-01-19,content,DE
183,2025-05-25,paid_search,DE
184,2025-05-04,content,UK
185,2025-02-25,organic,IN
186,2025-11-01,paid_search,DE
187,2025-04-30,paid_search,BR
188,2025-11-28,paid_search,US
189,2025-09-11,referral,DE
190,2025-01-31,paid_search,IN
191,2025-09-01,paid_search,US
192,2025-04-16,paid_search,US
193,2025-11-24,paid_search,AU
194,2025-11-07,paid_social,IN
195,2025-11-04,content,IN
196,2025-10-18,organic,IN
197,2025-02-23,organic,CA
198,2025-03-13,paid_search,BR
199,2025-08-09,organic,US
200,2025-01-03,paid_search,IN
201,2024-09-10,organic,IN
202,2024-11-01,content,DE
203,2026-01-25,paid_social,US
204,2025-12-17,paid_social,AU
205,2025-08-14,organic,US
206,2025-04-10,referral,US
207,2025-06-22,paid_social,US
208,2025-07-03,content,US
209,2025-04-23,organic,US
210,2025-02-08,organic,UK
211,2025-04-19,paid_search,CA
212,2025-10-03,paid_social,US
213,2024-12-26,organic,UK
214,2025-04-03,paid_social,UK
215,2025-09-16,paid_social,CA
216,2025-07-23,referral,UK
217,2025-01-25,organic,US
218,2025-11-14,paid_search,US
219,2024-09-13,organic,US
220,2024-08-27,content,US
221,2025-01-11,organic,CA
222,2025-08-03,referral,CA
223,2025-06-06,paid_social,US
224,2025-07-17,organic,AU
225,2025-06-06,paid_social,IN
226,2025-02-27,organic,UK
227,2025-11-05,referral,UK
228,2025-03-17,paid_social,CA
229,2025-03-13,paid_search,IN
230,2024-08-20,paid_social,CA
231,2025-02-21,content,US
232,2025-07-30,paid_search,US
233,2025-02-19,organic,UK
234,2025-12-12,paid_social,US
235,2025-04-15,paid_search,IN
236,2025-11-08,paid_social,US
237,2025-07-03,paid_search,US
238,2024-10-14,content,US
239,2025-01-03,organic,UK
240,2025-11-04,paid_social,US
241,2025-09-24,referral,IN
242,2025-07-01,organic,IN
243,2024-10-10,organic,BR
244,2025-04-04,organic,US
245,2025-10-22,paid_search,US
246,2025-05-07,paid_search,US
247,2025-06-09,paid_search,US
248,2025-08-21,organic,US
249,2026-01-24,content,DE
250,2025-10-11,organic,UK
251,2026-01-12,organic,BR
252,2025-02-27,referral,UK
253,2025-02-25,paid_social,IN
254,2025-07-24,paid_search,IN
255,2025-09-03,content,US
256,2024-09-21,paid_social,CA
257,2025-11-11,organic,IN
258,2025-03-05,paid_social,UK
259,2025-05-13,referral,US
260,2025-12-27,referral,DE
261,2026-01-04,paid_search,US
262,2025-12-27,content,DE
263,2025-04-14,paid_social,IN
264,2025-07-03,referral,US
265,2025-11-05,organic,BR
266,2025-11-23,paid_search,DE
267,2025-09-15,paid_search,IN
268,2025-03-29,content,BR
269,2025-09-05,referral,US
270,2025-06-17,paid_social,IN
271,2025-07-05,content,BR
272,2025-05-31,paid_search,US
273,2025-06-29,referral,UK
274,2025-06-14,referral,AU
275,2024-08-20,paid_social,IN
276,2024-08-25,paid_search,US
277,2025-01-07,paid_search,DE
278,2025-07-08,organic,AU
279,2025-10-23,organic,US
280,2024-08-01,referral,AU
281,2025-08-16,paid_social,US
282,2024-10-16,organic,CA
283,2025-06-03,paid_search,IN
284,2025-12-10,paid_social,BR
285,2025-08-13,content,US
286,2025-12-01,paid_search,IN
287,2025-06-02,organic,US
288,2025-06-29,referral,UK
289,2024-11-14,content,US
290,2024-12-19,paid_search,DE
291,2025-09-08,referral,US
292,2025-09-06,content,DE
293,2025-11-09,organic,IN
294,2026-01-12,paid_search,DE
295,2025-04-19,referral,IN
296,2025-08-08,organic,US
297,2025-11-08,organic,UK
298,2025-02-03,organic,DE
299,2025-07-22,content,UK
300,2025-09-11,paid_social,UK
301,2024-11-28,paid_social,US
302,2025-08-08,paid_social,UK
303,2024-10-09,organic,US
304,2025-05-08,paid_social,AU
305,2026-01-23,paid_search,UK
306,2025-10-30,referral,IN
307,2024-12-14,paid_search,CA
308,2024-10-24,paid_search,CA
309,2024-12-17,organic,US
310,2025-02-10,paid_search,DE
311,2025-10-30,paid_social,CA
312,2025-04-19,paid_search,IN
313,2025-11-30,organic,US
314,2025-09-29,paid_social,US
315,2025-10-15,referral,DE
316,2025-10-05,organic,IN
317,2025-02-03,referral,US
318,2025-08-23,organic,IN
319,2024-10-09,paid_social,US
320,2025-01-01,paid_search,US
321,2025-08-23,content,IN
322,2025-07-31,paid_social,UK
323,2026-01-09,paid_social,US
324,2026-01-23,organic,IN
325,2025-08-08,paid_social,DE
326,2026-01-09,organic,US
327,2024-09-09,organic,US
328,2024-10-23,paid_search,US
329,2025-10-16,paid_search,BR
330,2025-11-15,organic,DE
331,2025-10-16,organic,CA
332,2024-08-15,paid_social,BR
333,2026-01-27,paid_search,US
334,2025-04-06,organic,UK
335,2025-05-14,paid_search,UK
336,2025-01-03,referral,US
337,2025-03-12,paid_search,US
338,2025-09-14,referral,US
339,2025-03-22,paid_social,DE
340,2025-12-13,content,CA
341,2025-12-19,content,UK
342,2025-12-17,paid_social,IN
343,2025-11-15,paid_social,IN
344,2025-12-02,organic,US
345,2025-07-01,paid_search,DE
346,2025-08-30,referral,CA
347,2025-08-24,paid_search,CA
348,2025-01-14,paid_search,US
349,2026-01-16,organic,DE
350,2024-09-29,content,UK
351,2025-03-26,paid_social,US
352,2025-10-11,referral,IN
353,2025-12-11,organic,CA
354,2025-09-10,organic,IN
355,2025-08-03,paid_search,US
356,2026-01-20,paid_search,UK
357,2025-05-01,paid_search,UK
358,2024-11-23,paid_search,UK
359,2025-12-10,referral,CA
360,2025-12-16,paid_social,BR
361,2026-01-07,paid_social,US
362,2025-09-26,organic,UK
363,2025-04-20,organic,UK
364,2025-01-08,paid_social,BR
365,2025-08-05,referral,UK
366,2025-05-20,paid_social,US
367,2026-01-09,paid_search,CA
368,2025-07-09,paid_search,US
369,2026-01-18,paid_social,US
370,2025-03-04,paid_search,US
371,2025-07-21,organic,US
372,2025-11-20,organic,IN
373,2026-01-27,content,US
374,2025-04-13,referral,AU
375,2025-12-30,paid_search,UK
376,2026-01-07,organic,DE
377,2025-06-08,content,IN
378,2025-07-15,content,UK
379,2025-07-22,referral,US
380,2025-07-27,paid_search,DE
381,2026-01-22,organic,IN
382,2025-06-06,paid_search,UK
383,2025-12-10,referral,IN
384,2025-06-09,organic,US
385,2025-03-21,organic,US
386,2026-01-30,referral,BR
387,2025-08-15,paid_search,CA
388,2025-07-11,paid_search,UK
389,2025-04-16,organic,IN
390,2025-09-18,organic,AU
391,2025-05-17,organic,US
392,2026-01-06,organic,CA
393,2024-08-31,paid_social,CA
394,2025-07-05,paid_social,US
395,2026-01-23,paid_search,BR
396,2025-12-08,organic,IN
397,2025-04-03,referral,IN
398,2024-09-27,organic,CA
399,2025-05-08,content,BR
400,2026-01-02,organic,US
401,2025-12-15,organic,US
402,2024-10-27,content,DE
403,2025-09-25,referral,US
404,2026-01-29,referral,UK
405,2025-05-21,paid_social,CA
406,2025-06-03,referral,AU
407,2025-08-18,paid_social,US
408,2026-01-09,content,UK
409,2024-11-15,paid_social,US
410,2026-01-26,paid_search,CA
411,2025-05-20,organic,US
412,2024-12-29,paid_social,IN
413,2025-04-13,paid_search,BR
414,2025-03-23,paid_search,US
415,2025-10-16,content,UK
416,2025-10-28,paid_social,IN
417,2025-12-18,paid_search,UK
418,2025-09-21,referral,DE
419,2025-05-25,referral,UK
420,2025-06-21,referral,IN
421,2025-02-10,organic,DE
422,2024-10-23,referral,US
423,2025-10-24,organic,US
424,2025-10-22,content,US
425,2025-10-26,content,US
426,2025-01-23,paid_search,AU
427,2025-05-06,organic,CA
428,2026-01-03,paid_search,AU
429,2024-10-02,paid_social,US
430,2025-11-08,paid_search,US
431,2024-12-25,organic,US
432,2025-11-05,referral,US
433,2025-12-23,organic,UK
434,2026-01-13,paid_social,US
435,2025-07-06,referral,US
436,2025-10-20,organic,UK
437,2024-09-05,organic,US
438,2024-10-30,referral,DE
439,2024-12-12,paid_social,IN
440,2025-08-08,organic,US
441,2025-11-29,organic,BR
442,2025-11-11,organic,IN
443,2025-10-28,paid_search,US
444,2025-04-29,paid_social,BR
445,2025-05-16,paid_search,IN
446,2026-01-09,paid_social,UK
447,2025-10-26,paid_search,IN
448,2025-06-29,paid_search,US
449,2025-02-12,paid_social,US
450,2025-11-09,paid_social,BR
451,2025-07-23,paid_social,IN
452,2024-10-11,referral,US
453,2025-08-14,paid_social,DE
454,2025-07-27,organic,US
455,2025-04-01,paid_search,IN
456,2025-11-14,organic,DE
457,2024-09-18,paid_social,CA
458,2025-05-09,paid_social,US
459,2025-09-11,referral,DE
460,2025-07-30,organic,US
461,2026-01-24,organic,US
462,2025-08-17,paid_search,BR
463,2024-09-30,organic,DE
464,2025-05-24,referral,US
465,2025-09-12,organic,US
466,2024-10-21,organic,US
467,2025-06-18,paid_social,IN
468,2025-06-07,paid_search,US
469,2024-10-23,paid_search,UK
470,2025-03-04,paid_social,UK
471,2025-07-14,organic,CA
472,2024-12-17,organic,US
473,2025-10-20,paid_social,DE
474,2025-12-24,paid_search,US
475,2024-10-12,paid_social,US
476,2024-08-24,organic,US
477,2025-01-30,organic,US
478,2025-12-04,referral,DE
479,2025-11-14,paid_search,DE
480,2025-11-03,organic,UK
481,2025-07-13,paid_social,US
482,2026-01-21,paid_search,UK
483,2025-09-02,organic,US
484,2024-12-26,paid_social,US
485,2025-06-19,organic,DE
486,2025-10-17,content,US
487,2025-08-21,paid_search,CA
488,2026-01-29,organic,US
489,2025-07-19,organic,US
490,2025-06-02,organic,IN
491,2024-11-26,paid_social,UK
492,2025-06-30,referral,IN
493,2025-02-19,organic,BR
494,2024-09-21,paid_search,IN
495,2025-11-24,paid_social,US
496,2025-04-20,paid_social,CA
497,2025-11-26,paid_search,DE
498,2025-09-29,referral,US
499,2025-10-05,paid_search,UK
500,2025-03-18,content,UK
501,2024-12-04,organic,BR
502,2025-11-01,organic,US
503,2025-11-29,paid_search,BR
504,2024-12-14,content,US
505,2025-01-30,paid_search,US
506,2025-01-04,paid_search,US
507,2025-08-12,referral,DE
508,2025-04-07,paid_search,CA
509,2024-08-19,organic,IN
510,2025-06-27,content,BR
511,2025-11-23,content,CA
512,2025-02-26,referral,US
513,2025-09-30,organic,DE
514,2025-07-06,organic,CA
515,2024-10-02,paid_search,DE
516,2024-11-19,organic,UK
517,2024-09-23,paid_search,US
518,2025-05-09,referral,UK
519,2026-01-08,referral,BR
520,2025-09-26,content,BR
521,2025-10-09,organic,CA
522,2024-12-31,paid_social,US
523,2025-04-06,organic,CA
524,2024-09-04,paid_social,IN
525,2025-08-16,organic,US
526,2024-11-02,content,UK
527,2025-11-29,organic,US
528,2025-11-19,paid_social,CA
529,2025-12-07,organic,BR
530,2024-10-06,organic,US
531,2025-06-25,paid_search,UK
532,2025-05-20,paid_search,DE
533,2025-04-21,paid_social,UK
534,2025-08-10,paid_social,US
535,2025-08-10,organic,DE
536,2025-11-18,paid_search,AU
537,2025-11-23,paid_social,DE
538,2025-03-06,content,US
539,2024-10-14,paid_social,US
540,2025-03-28,paid_search,CA
541,2025-06-11,content,UK
542,2025-08-30,organic,US
543,2026-01-30,paid_search,IN
544,2024-09-17,organic,DE
545,2025-03-16,organic,US
546,2025-07-01,paid_social,IN
547,2025-03-30,organic,UK
548,2025-12-19,paid_social,US
549,2025-03-25,organic,DE
550,2025-06-04,organic,US
551,2025-09-23,paid_social,UK
552,2024-10-01,referral,IN
553,2025-11-12,paid_social,IN
554,2025-09-24,paid_search,UK
555,2025-10-05,paid_search,US
556,2025-08-18,paid_search,UK
557,2025-08-10,organic,IN
558,2025-12-09,referral,US
559,2025-02-18,paid_search,US
560,2025-12-28,paid_social,US
561,2025-12-27,paid_search,UK
562,2024-12-06,paid_social,IN
563,2025-09-16,paid_social,UK
564,2025-03-12,organic,US
565,2025-05-21,paid_social,UK
566,2025-07-29,paid_search,UK
567,2025-04-22,paid_search,DE
568,2024-09-10,referral,US
569,2025-12-14,organic,US
570,2025-04-26,content,AU
571,2025-07-23,paid_search,AU
572,2025-05-25,paid_search,UK
573,2025-09-01,organic,DE
574,2024-11-30,content,DE
575,2024-11-22,referral,CA
576,2024-11-05,organic,IN
577,2026-01-16,paid_social,DE
578,2025-07-31,referral,BR
579,2025-11-09,organic,DE
580,2025-05-22,referral,UK
581,2025-02-07,referral,IN
582,2025-09-05,referral,CA
583,2025-11-14,paid_search,US
584,2025-12-26,paid_social,US
585,2025-02-22,organic,BR
586,2025-06-18,paid_search,IN
587,2024-11-29,content,US
588,2025-05-25,referral,CA
589,2025-12-22,paid_social,DE
590,2024-10-23,referral,CA
591,2025-10-06,paid_search,US
592,2025-02-10,referral,UK
593,2026-01-21,referral,UK
594,2025-11-18,content,UK
595,2024-09-18,paid_social,CA
596,2025-09-03,content,AU
597,2026-01-15,organic,UK
598,2025-03-25,paid_search,US
599,2025-03-27,organic,US
600,2025-08-21,referral,UK
601,2025-10-02,organic,US
602,2025-12-21,paid_social,US
603,2025-09-07,referral,US
604,2026-01-25,paid_social,US
605,2025-07-06,paid_search,UK
606,2025-07-29,content,US
607,2025-10-12,paid_social,DE
608,2025-09-06,paid_social,UK
609,2025-06-09,paid_search,BR
610,2025-07-28,organic,DE
611,2026-01-19,referral,DE
612,2025-09-12,organic,US
613,2026-01-11,paid_search,CA
614,2024-11-14,paid_search,UK
615,2025-05-23,organic,US
616,2025-12-17,referral,DE
617,2025-02-07,paid_social,IN
618,2025-09-24,referral,IN
619,2025-06-10,paid_social,IN
620,2025-10-31,paid_search,CA
621,2025-08-20,organic,US
622,2025-06-12,organic,AU
623,2025-03-12,paid_social,US
624,2025-01-23,paid_search,UK
625,2025-07-17,paid_search,DE
626,2025-10-01,paid_social,IN
627,2025-12-30,paid_search,IN
628,2025-03-20,paid_search,AU
629,2026-01-27,paid_social,US
630,2025-05-27,paid_social,US
631,2025-03-21,organic,BR
632,2025-07-11,referral,UK
633,2024-11-21,content,US
634,2026-01-31,paid_search,IN
635,2025-06-07,paid_search,AU
636,2025-12-21,referral,US
637,2025-10-01,paid_social,US
638,2024-10-18,paid_social,US
639,2025-10-01,organic,IN
640,2025-01-01,paid_search,UK
641,2025-07-11,content,US
642,2025-05-01,paid_social,AU
643,2025-11-17,paid_social,UK
644,2025-04-14,paid_search,AU
645,2025-08-26,referral,AU
646,2025-05-21,paid_search,AU
647,2025-08-18,paid_search,DE
648,2025-10-25,organic,DE
649,2025-05-16,paid_search,IN
650,2025-10-13,paid_search,BR
651,2026-01-29,content,US
652,2026-01-29,paid_search,CA
653,2025-12-07,content,US
654,2025-12-31,paid_search,US
655,2024-09-19,paid_social,DE
656,2025-04-16,paid_social,UK
657,2025-01-20,paid_search,US
658,2025-10-18,organic,IN
659,2025-10-25,organic,US
660,2025-01-22,paid_search,DE
661,2024-12-19,organic,DE
662,2025-12-12,paid_search,BR
663,2024-08-06,paid_social,US
664,2025-12-22,paid_search,US
665,2026-01-01,organic,UK
666,2025-10-09,content,BR
667,2025-09-11,paid_social,IN
668,2025-03-28,paid_search,IN
669,2025-06-24,paid_social,UK
670,2024-08-04,organic,US
671,2025-12-01,organic,US
672,2025-03-17,organic,IN
673,2025-08-18,referral,US
674,2025-09-16,paid_social,DE
675,2026-01-01,paid_social,IN
676,2024-09-25,organic,US
677,2025-08-03,organic,US
678,2025-02-19,paid_social,US
679,2025-12-13,content,BR
680,2025-07-21,organic,US
681,2025-06-07,paid_search,AU
682,2025-03-24,paid_search,US
683,2024-12-17,paid_search,IN
684,2024-09-29,content,UK
685,2025-10-19,paid_search,UK
686,2025-04-08,paid_social,US
687,2025-10-25,paid_social,US
688,2024-10-23,content,US
689,2025-02-16,paid_search,CA
690,2025-07-01,referral,UK
691,2025-11-10,content,IN
692,2025-08-01,organic,IN
693,2025-10-02,organic,US
694,2025-04-22,organic,US
695,2025-02-10,paid_search,US
696,2025-10-05,referral,AU
697,2025-10-04,organic,UK
698,2025-12-28,paid_search,UK
699,2026-01-19,referral,US
700,2024-09-13,organic,IN
701,2025-01-20,referral,DE
702,2024-09-18,organic,DE
703,2025-12-24,paid_search,UK
704,2024-12-18,organic,BR
705,2025-09-13,paid_search,IN
706,2024-12-04,content,US
707,2025-05-23,content,BR
708,2024-12-02,content,US
709,2024-12-21,organic,DE
710,2024-12-23,paid_search,BR
711,2026-01-26,organic,US
712,2025-08-05,paid_search,IN
713,2024-12-10,organic,IN
714,2025-07-16,referral,AU
715,2025-05-22,paid_social,UK
716,2025-06-08,paid_search,IN
717,2025-12-28,organic,US
718,2025-11-25,paid_search,US
719,2025-06-28,paid_search,UK
720,2025-05-05,organic,US
721,2024-09-28,paid_search,US
722,2025-03-26,organic,US
723,2025-09-22,referral,DE
724,2025-05-14,organic,AU
725,2024-11-30,organic,US
726,2025-08-13,organic,BR
727,2025-05-13,content,IN
728,2025-10-15,paid_search,US
729,2025-08-19,paid_social,UK
730,2024-11-30,content,BR
731,2025-03-15,content,US
732,2025-12-12,paid_search,AU
733,2025-03-06,content,DE
734,2025-11-20,organic,US
735,2024-10-04,referral,US
736,2025-09-30,organic,DE
737,2025-12-03,referral,DE
738,2026-01-11,paid_social,UK
739,2025-11-18,organic,US
740,2025-12-31,content,CA
741,2025-06-17,paid_search,US
742,2025-05-07,organic,UK
743,2025-11-24,organic,UK
744,2026-01-31,paid_social,CA
745,2024-12-10,paid_social,UK
746,2025-10-14,organic,AU
747,2025-09-22,referral,IN
748,2025-08-07,paid_social,US
749,2025-08-21,organic,CA
750,2025-07-05,paid_search,UK
751,2025-11-02,paid_search,CA
752,2024-11-11,referral,US
753,2026-01-10,paid_search,UK
754,2025-05-25,paid_social,US
755,2025-09-26,paid_search,US
756,2025-09-17,paid_search,IN
757,2025-03-15,content,CA
758,2025-10-10,paid_social,IN
759,2024-10-18,paid_search,US
760,2025-06-02,organic,US
761,2025-11-12,paid_social,US
762,2025-12-04,referral,US
763,2026-01-25,paid_social,AU
764,2025-02-25,organic,US
765,2025-06-19,paid_search,UK
766,2025-01-21,referral,AU
767,2025-08-17,content,AU
768,2025-11-26,paid_search,BR
769,2026-01-08,paid_search,US
770,2025-10-02,organic,DE
771,2025-08-03,paid_search,CA
772,2025-09-07,referral,US
773,2025-11-19,paid_social,BR
774,2025-08-19,organic,DE
775,2025-11-03,paid_search,IN
776,2026-01-04,organic,US
777,2025-06-05,referral,UK
778,2025-11-04,paid_social,UK
779,2025-11-26,referral,DE
780,2025-12-24,organic,IN
781,2025-07-03,referral,UK
782,2025-01-29,paid_social,US
783,2025-03-15,referral,UK
784,2025-07-02,paid_search,IN
785,2025-12-17,paid_search,DE
786,2026-01-30,referral,UK
787,2024-11-25,paid_search,IN
788,2024-10-08,paid_social,IN
789,2026-01-07,organic,IN
790,2025-04-15,organic,BR
791,2025-11-24,referral,IN
792,2026-01-17,paid_search,US
793,2025-08-27,paid_social,IN
794,2025-09-24,paid_social,DE
795,2025-12-04,content,UK
796,2024-12-12,paid_search,UK
797,2026-01-22,paid_social,IN
798,2025-02-24,referral,US
799,2025-04-11,content,IN
800,2026-01-19,organic,DE
801,2025-12-11,paid_search,US
802,2026-01-12,paid_search,IN
803,2025-12-10,paid_social,IN
804,2025-06-27,paid_search,US
805,2024-12-21,organic,US
806,2025-04-15,paid_social,US
807,2024-09-16,content,US
808,2025-06-23,organic,IN
809,2026-01-23,paid_social,DE
810,2024-08-11,paid_social,US
811,2025-10-31,content,IN
812,2024-11-02,paid_search,AU
813,2026-01-10,organic,UK
814,2025-12-23,paid_search,IN
815,2025-04-14,content,DE
816,2025-10-11,organic,US
817,2025-11-27,paid_social,US
818,2024-12-19,paid_social,IN
819,2024-10-05,paid_social,US
820,2025-12-22,paid_search,UK
821,2025-11-18,organic,US
822,2024-12-24,organic,CA
823,2025-06-18,paid_social,IN
824,2026-01-27,content,UK
825,2025-12-25,organic,IN
826,2024-10-27,paid_social,US
827,2024-09-25,paid_social,IN
828,2025-02-25,paid_social,UK
829,2026-01-12,referral,AU
830,2025-06-30,referral,BR
831,2024-12-02,paid_search,IN
832,2025-10-02,organic,UK
833,2026-01-28,paid_search,IN
834,2025-04-26,content,DE
835,2025-10-28,organic,UK
836,2025-05-13,paid_search,DE
837,2025-02-03,organic,AU
838,2025-01-09,organic,UK
839,2025-06-18,organic,US
840,2025-12-27,content,UK
841,2025-10-23,referral,UK
842,2025-05-20,paid_search,DE
843,2025-10-28,content,US
844,2024-08-24,paid_social,US
845,2024-11-15,organic,US
846,2025-08-29,organic,AU
847,2026-01-11,paid_social,UK
848,2025-05-19,organic,DE
849,2025-12-20,organic,US
850,2025-08-18,referral,CA
851,2025-06-08,content,DE
852,2025-03-09,paid_search,US
853,2025-05-03,paid_search,BR
854,2025-08-09,paid_search,IN
855,2025-05-17,organic,AU
856,2025-10-03,paid_social,UK
857,2025-08-14,content,US
858,2026-01-02,referral,IN
859,2025-06-18,paid_search,US
860,2025-03-26,paid_search,CA
861,2026-01-21,paid_search,IN
862,2025-09-13,organic,US
863,2025-11-21,content,US
864,2025-12-07,organic,US
865,2025-10-09,paid_search,UK
866,2025-06-18,organic,UK
867,2025-01-20,organic,BR
868,2024-09-28,referral,DE
869,2025-11-12,organic,IN
870,2025-08-30,paid_search,IN
871,2025-02-22,paid_social,UK
872,2025-10-20,paid_social,US
873,2025-08-02,content,US
874,2024-09-05,organic,US
875,2025-05-08,organic,US
876,2025-11-08,referral,UK
877,2025-03-21,referral,BR
878,2025-07-11,paid_social,US
879,2025-11-07,referral,CA
880,2024-10-25,paid_social,IN
881,2025-12-25,organic,DE
882,2025-06-12,paid_search,CA
883,2025-12-31,paid_search,US
884,2025-04-20,content,UK
885,2025-04-21,organic,UK
886,2024-12-14,organic,UK
887,2025-02-08,referral,CA
888,2025-11-16,content,US
889,2025-05-02,organic,DE
890,2025-08-21,paid_social,US
891,2025-10-22,paid_search,UK
892,2026-01-17,content,US
893,2025-01-17,referral,CA
894,2024-10-11,paid_search,UK
895,2025-03-08,organic,CA
896,2025-12-01,paid_social,UK
897,2025-06-03,paid_social,IN
898,2025-09-29,paid_social,CA
899,2025-03-01,referral,AU
900,2024-09-07,paid_social,US
901,2025-01-31,paid_search,IN
902,2025-10-22,paid_search,CA
903,2025-07-04,paid_social,UK
904,2025-08-13,referral,IN
905,2025-05-17,organic,DE
906,2026-01-05,organic,CA
907,2025-10-25,paid_search,US
908,2025-04-16,referral,US
909,2025-08-18,paid_social,US
910,2025-06-17,paid_social,DE
911,2025-12-17,paid_search,UK
912,2025-07-05,paid_search,AU
913,2025-07-15,content,CA
914,2025-10-04,organic,US
915,2025-04-29,paid_social,BR
916,2025-10-19,organic,DE
917,2025-12-02,paid_search,UK
918,2025-10-14,paid_search,IN
919,2026-01-21,paid_social,US
920,2025-08-08,paid_search,US
921,2025-02-15,paid_social,US
922,2024-11-05,paid_social,BR
923,2025-06-23,paid_search,DE
924,2025-12-04,organic,DE
925,2025-02-02,organic,US
926,2025-06-06,paid_social,US
927,2025-10-20,content,UK
928,2025-01-25,paid_search,US
929,2025-11-22,referral,US
930,2025-01-01,organic,US
931,2025-09-16,paid_search,CA
932,2025-02-27,paid_search,DE
933,2025-10-05,paid_search,CA
934,2024-10-07,paid_social,UK
935,2025-09-23,paid_search,IN
936,2025-11-08,paid_social,DE
937,2025-12-25,paid_search,IN
938,2025-05-12,paid_search,US
939,2024-12-28,organic,BR
940,2025-09-01,referral,IN
941,2025-08-02,paid_social,BR
942,2025-01-20,organic,UK
943,2025-10-31,referral,UK
944,2025-09-07,organic,US
945,2025-04-16,organic,US
946,2026-01-24,paid_search,IN
947,2025-10-03,paid_social,US
948,2025-12-03,referral,UK
949,2025-05-15,paid_social,BR
950,2025-09-09,content,US
951,2025-12-24,paid_search,US
952,2025-12-03,paid_search,US
953,2025-05-17,referral,US
954,2025-01-09,paid_search,US
955,2024-11-20,paid_search,US
956,2025-12-14,organic,CA
957,2025-05-26,referral,US
958,2025-10-25,organic,US
959,2026-01-14,paid_social,US
960,2025-09-27,paid_search,IN
961,2025-01-08,content,IN
962,2024-11-27,organic,UK
963,2024-12-15,organic,BR
964,2025-09-23,paid_social,US
965,2025-05-14,referral,IN
966,2026-01-24,referral,US
967,2025-01-30,organic,DE
968,2024-12-28,paid_social,UK
969,2024-11-18,organic,UK
970,2025-02-25,organic,CA
971,2025-08-02,organic,UK
972,2024-08-31,referral,US
973,2025-12-31,paid_search,US
974,2025-04-29,organic,DE
975,2026-01-18,paid_search,DE
976,2026-01-30,organic,DE
977,2025-01-05,organic,US
978,2025-02-09,referral,UK
979,2026-01-21,organic,UK
980,2025-06-03,paid_search,CA
981,2025-08-16,organic,US
982,2024-11-25,paid_social,DE
983,2025-04-21,organic,DE
984,2025-03-01,organic,IN
985,2024-08-03,content,DE
986,2025-09-07,referral,AU
987,2025-10-30,paid_search,UK
988,2025-05-19,paid_search,IN
989,2025-10-13,referral,UK
990,2024-08-26,referral,US
991,2025-07-10,organic,US
992,2025-01-09,organic,IN
993,2025-11-17,paid_search,UK
994,2025-10-22,paid_social,IN
995,2025-06-15,referral,US
996,2025-10-20,organic,IN
997,2025-03-26,content,UK
998,2025-07-12,paid_search,CA
999,2024-09-29,referral,UK
1000,2024-11-07,referral,US
1001,2025-07-24,referral,BR
1002,2025-01-22,paid_social,IN
1003,2024-10-02,paid_search,IN
1004,2024-09-19,paid_social,BR
1005,2024-11-02,paid_search,US
1006,2025-12-16,organic,US
1007,2025-09-27,paid_search,US
1008,2025-03-24,organic,US
1009,2025-09-19,paid_search,DE
1010,2025-05-03,paid_social,US
1011,2026-01-08,paid_search,AU
1012,2025-07-17,organic,UK
1013,2025-07-14,organic,UK
1014,2025-07-30,paid_search,UK
1015,2024-12-20,content,UK
1016,2025-08-17,organic,UK
1017,2025-01-20,paid_social,IN
1018,2025-06-16,organic,UK
1019,2025-06-22,content,US
1020,2026-01-10,organic,UK
1021,2025-06-30,referral,US
1022,2024-08-22,paid_social,US
1023,2025-03-22,content,UK
1024,2025-01-25,paid_search,DE
1025,2025-04-26,organic,UK
1026,2026-01-04,organic,CA
1027,2025-09-28,content,UK
1028,2025-04-27,organic,DE
1029,2025-03-03,organic,US
1030,2025-12-20,paid_social,US
1031,2025-02-13,referral,UK
1032,2025-07-18,paid_search,CA
1033,2025-12-10,paid_social,US
1034,2025-09-27,paid_search,DE
1035,2025-10-13,organic,UK
1036,2026-01-17,organic,UK
1037,2025-06-22,content,CA
1038,2025-06-23,paid_search,DE
1039,2025-11-04,referral,US
1040,2025-09-05,paid_social,CA
1041,2025-09-13,organic,IN
1042,2025-04-23,paid_social,CA
1043,2025-04-04,paid_search,UK
1044,2025-12-10,paid_social,CA
1045,2025-03-23,organic,US
1046,2025-10-26,paid_social,IN
1047,2024-11-01,organic,IN
1048,2026-01-27,organic,UK
1049,2025-07-22,content,IN
1050,2025-09-18,organic,UK
1051,2025-05-01,paid_search,IN
1052,2025-06-13,paid_social,US
1053,2025-11-29,paid_search,US
1054,2024-07-25,referral,US
1055,2025-06-19,content,AU
1056,2025-12-11,content,US
1057,2025-03-28,paid_search,CA
1058,2025-09-20,referral,US
1059,2025-04-02,paid_search,AU
1060,2025-12-17,paid_social,CA
1061,2025-08-23,referral,IN
1062,2025-07-27,paid_search,DE
1063,2025-06-21,referral,US
1064,2025-02-24,paid_search,UK
1065,2025-09-20,organic,US
1066,2025-11-24,paid_search,UK
1067,2025-01-05,paid_search,DE
1068,2025-07-07,content,IN
1069,2025-10-05,paid_social,US
1070,2025-02-05,paid_social,US
1071,2025-09-05,organic,AU
1072,2025-10-20,paid_search,US
1073,2025-08-14,organic,US
1074,2025-11-10,referral,BR
1075,2025-02-15,paid_search,US
1076,2026-01-07,paid_social,UK
1077,2025-07-24,organic,IN
1078,2025-11-23,paid_social,US
1079,2025-10-31,referral,DE
1080,2025-07-15,paid_search,US
1081,2024-12-20,paid_search,IN
1082,2025-03-12,referral,IN
1083,2026-01-05,organic,DE
1084,2024-10-08,paid_search,UK
1085,2025-03-30,organic,UK
1086,2025-06-14,paid_social,US
1087,2025-03-20,organic,US
1088,2025-10-09,paid_search,US
1089,2025-12-22,organic,US
1090,2025-09-11,referral,US
1091,2025-08-17,paid_search,US
1092,2024-08-23,paid_social,UK
1093,2024-08-29,referral,US
1094,2025-05-01,referral,IN
1095,2025-11-10,paid_search,IN
1096,2025-02-02,paid_search,US
1097,2024-09-16,organic,UK
1098,2025-01-28,content,UK
1099,2026-01-24,referral,BR
1100,2025-05-12,content,CA
1101,2025-03-31,paid_social,IN
1102,2025-03-19,paid_social,US
1103,2025-05-30,paid_social,BR
1104,2025-05-25,organic,US
1105,2025-02-26,organic,UK
1106,2025-11-08,paid_social,UK
1107,2025-12-19,paid_search,CA
1108,2025-04-26,referral,DE
1109,2025-10-27,paid_search,UK
1110,2025-06-24,paid_social,US
1111,2026-01-04,paid_social,US
1112,2025-11-06,content,US
1113,2025-10-23,organic,US
1114,2025-11-08,referral,IN
1115,2026-01-22,organic,US
1116,2025-05-21,paid_social,US
1117,2025-03-11,organic,US
1118,2025-08-19,paid_social,US
1119,2024-11-26,organic,AU
1120,2026-01-23,content,US
1121,2025-10-10,organic,UK
1122,2025-12-19,paid_search,BR
1123,2026-01-01,organic,BR
1124,2025-04-12,paid_search,IN
1125,2025-11-27,organic,BR
1126,2025-03-24,paid_social,DE
1127,2025-11-18,organic,AU
1128,2025-03-10,paid_search,US
1129,2025-11-14,content,US
1130,2025-07-12,organic,UK
1131,2025-11-06,organic,AU
1132,2025-01-01,paid_search,US
1133,2025-07-19,content,US
1134,2025-05-29,paid_search,IN
1135,2025-05-01,paid_search,US
1136,2025-05-12,organic,US
1137,2026-01-20,content,US
1138,2024-09-26,organic,US
1139,2025-11-04,paid_social,US
1140,2025-05-20,organic,UK
1141,2025-09-18,organic,DE
1142,2025-05-02,organic,IN
1143,2025-08-31,paid_social,US
1144,2025-06-26,paid_social,CA
1145,2025-10-19,referral,US
1146,2025-05-22,paid_search,UK
1147,2025-10-01,organic,IN
1148,2024-09-20,paid_search,US
1149,2025-09-02,paid_search,UK
1150,2025-06-10,content,US
1151,2024-10-15,organic,CA
1152,2025-08-24,organic,AU
1153,2026-01-14,organic,IN
1154,2025-06-28,paid_social,US
1155,2025-10-10,organic,DE
1156,2026-01-22,organic,UK
1157,2025-10-30,paid_social,DE
1158,2025-10-22,organic,DE
1159,2025-11-20,paid_search,IN
1160,2025-09-24,content,BR
1161,2025-10-14,paid_social,BR
1162,2026-01-29,paid_search,US
1163,2025-12-08,organic,US
1164,2024-11-15,content,CA
1165,2025-05-15,paid_search,DE
1166,2025-12-06,paid_social,DE
1167,2025-01-20,paid_search,US
1168,2026-01-05,organic,BR
1169,2025-12-08,paid_search,UK
1170,2025-09-24,paid_social,US
1171,2025-03-13,referral,IN
1172,2025-03-19,organic,AU
1173,2025-12-09,organic,US
1174,2026-01-17,organic,UK
1175,2026-01-05,organic,BR
1176,2026-01-16,organic,DE
1177,2025-03-27,content,BR
1178,2024-11-19,paid_search,US
1179,2024-08-24,paid_search,UK
1180,2026-01-22,organic,AU
1181,2024-08-07,paid_search,DE
1182,2025-11-17,referral,CA
1183,2025-05-27,organic,DE
1184,2025-06-07,paid_search,US
1185,2025-05-20,paid_social,US
1186,2025-09-19,paid_social,UK
1187,2025-10-19,organic,AU
1188,2025-12-26,organic,BR
1189,2025-09-10,paid_search,CA
1190,2025-09-13,organic,CA
1191,2025-12-07,content,DE
1192,2025-10-26,organic,IN
1193,2025-10-19,organic,AU
1194,2024-11-08,organic,US
1195,2025-11-20,organic,IN
1196,2026-01-16,organic,CA
1197,2025-09-07,paid_search,IN
1198,2025-05-04,organic,IN
1199,2025-10-11,paid_social,CA
1200,2024-11-07,organic,CA
1201,2025-01-04,organic,US
1202,2025-05-29,content,US
1203,2025-04-07,content,IN
1204,2025-06-13,paid_social,CA
1205,2025-07-08,organic,UK
1206,2025-08-21,content,IN
1207,2025-01-28,referral,BR
1208,2025-11-29,paid_search,US
1209,2025-12-10,organic,BR
1210,2025-11-23,organic,DE
1211,2025-08-25,organic,BR
1212,2026-01-29,organic,US
1213,2025-12-30,referral,US
1214,2025-12-14,paid_search,CA
1215,2025-12-14,paid_search,US
1216,2024-12-12,organic,DE
1217,2025-12-11,content,DE
1218,2026-01-30,organic,US
1219,2025-12-30,organic,CA
1220,2026-01-09,paid_social,CA
1221,2025-11-28,paid_social,IN
1222,2025-12-08,referral,CA
1223,2025-02-14,paid_search,UK
1224,2025-01-19,paid_social,IN
1225,2025-08-20,paid_search,US
1226,2025-07-11,referral,CA
1227,2024-10-11,paid_search,UK
1228,2025-06-19,organic,BR
1229,2025-09-11,paid_search,US
1230,2025-09-07,organic,US
1231,2026-01-08,organic,US
1232,2025-02-24,paid_social,UK
1233,2026-01-11,organic,IN
1234,2025-02-08,paid_social,AU
1235,2025-07-16,content,BR
1236,2024-11-17,paid_social,US
1237,2024-09-18,referral,BR
1238,2024-07-30,paid_search,IN
1239,2025-09-11,paid_social,CA
1240,2025-02-15,referral,US
1241,2025-09-24,organic,AU
1242,2024-09-08,paid_social,DE
1243,2025-10-19,paid_search,DE
1244,2025-09-25,paid_social,CA
1245,2025-02-20,organic,UK
1246,2025-06-25,referral,DE
1247,2025-10-21,paid_social,IN
1248,2025-03-03,content,BR
1249,2025-03-14,organic,AU
1250,2025-06-30,paid_social,BR
1251,2025-08-04,paid_search,BR
1252,2026-01-16,paid_search,US
1253,2024-09-12,organic,US
1254,2024-12-16,paid_search,CA
1255,2025-12-01,content,CA
1256,2025-05-04,organic,US
1257,2025-01-30,paid_social,DE
1258,2025-05-23,referral,US
1259,2025-02-08,paid_search,UK
1260,2025-11-02,content,DE
1261,2025-04-08,organic,US
1262,2025-09-15,content,DE
1263,2025-05-05,organic,CA
1264,2025-02-11,paid_search,UK
1265,2025-04-27,referral,IN
1266,2024-12-20,organic,IN
1267,2025-06-18,organic,CA
1268,2025-03-13,paid_search,US
1269,2025-07-18,organic,US
1270,2025-05-18,paid_search,US
1271,2024-10-16,organic,US
1272,2024-07-24,content,IN
1273,2025-09-01,organic,UK
1274,2025-03-25,paid_social,UK
1275,2025-05-21,paid_social,IN
1276,2025-12-30,organic,IN
1277,2025-12-08,paid_social,US
1278,2025-04-15,paid_social,US
1279,2025-12-07,paid_search,BR
1280,2025-04-17,organic,UK
1281,2025-09-04,paid_search,US
1282,2024-09-20,organic,DE
1283,2025-12-16,organic,US
1284,2025-11-08,paid_search,US
1285,2025-03-26,organic,DE
1286,2025-06-19,content,US
1287,2025-10-01,paid_social,IN
1288,2026-01-23,referral,IN
1289,2024-12-11,paid_search,DE
1290,2026-01-25,organic,BR
1291,2026-01-13,paid_search,US
1292,2024-12-13,paid_social,UK
1293,2025-10-22,organic,UK
1294,2025-11-03,paid_search,AU
1295,2025-08-19,referral,CA
1296,2025-08-07,referral,CA
1297,2025-06-18,organic,US
1298,2024-11-11,paid_social,US
1299,2025-12-06,referral,UK
1300,2025-10-10,paid_social,DE
1301,2025-08-28,organic,CA
1302,2025-11-08,organic,US
1303,2025-05-10,organic,CA
1304,2026-01-05,organic,DE
1305,2025-08-31,paid_social,US
1306,2025-05-06,content,BR
1307,2025-04-13,organic,DE
1308,2025-02-14,referral,IN
1309,2025-07-14,referral,US
1310,2025-05-31,content,IN
1311,2025-05-31,organic,US
1312,2025-03-30,paid_search,US
1313,2025-03-08,paid_social,CA
1314,2025-09-14,paid_search,BR
1315,2025-04-01,paid_search,UK
1316,2025-03-27,organic,US
1317,2025-12-02,organic,UK
1318,2024-10-16,paid_social,DE
1319,2025-02-03,content,US
1320,2025-11-11,paid_search,DE
1321,2025-02-19,content,US
1322,2025-11-15,organic,US
1323,2026-01-27,paid_search,CA
1324,2025-07-09,paid_search,DE
1325,2024-10-14,referral,US
1326,2024-11-02,organic,CA
1327,2024-11-12,paid_social,US
1328,2025-08-04,paid_social,IN
1329,2026-01-03,paid_search,CA
1330,2024-11-21,paid_social,US
1331,2025-12-24,paid_search,BR
1332,2025-09-28,paid_search,US
1333,2025-05-06,paid_search,AU
1334,2025-07-06,organic,US
1335,2024-08-14,paid_search,US
1336,2025-12-26,referral,US
1337,2025-03-10,organic,US
1338,2025-08-11,referral,US
1339,2024-08-30,paid_social,UK
1340,2026-01-03,paid_search,US
1341,2025-11-09,paid_social,BR
1342,2025-07-26,paid_search,US
1343,2025-03-05,paid_search,AU
1344,2024-12-09,paid_social,US
1345,2025-06-05,referral,DE
1346,2025-01-30,paid_search,US
1347,2024-12-23,organic,CA
1348,2024-10-26,paid_social,IN
1349,2025-03-24,paid_search,AU
1350,2025-10-04,organic,US
1351,2026-01-25,referral,AU
1352,2025-11-06,paid_search,US
1353,2025-12-30,organic,DE
1354,2025-01-30,organic,CA
1355,2025-08-29,paid_search,UK
1356,2025-11-18,organic,US
1357,2025-09-29,organic,US
1358,2025-05-30,paid_search,IN
1359,2025-02-06,referral,AU
1360,2025-09-01,content,DE
1361,2025-08-14,referral,UK
1362,2025-06-27,paid_search,CA
1363,2025-05-14,organic,CA
1364,2024-10-29,paid_search,US
1365,2025-02-05,organic,UK
1366,2024-12-27,organic,CA
1367,2024-12-28,paid_social,DE
1368,2025-06-23,paid_social,US
1369,2024-09-16,paid_search,IN
1370,2025-07-14,organic,US
1371,2025-08-19,referral,US
1372,2025-11-16,content,DE
1373,2025-07-12,referral,US
1374,2026-01-01,paid_search,US
1375,2025-05-18,organic,DE
1376,2025-10-12,paid_social,UK
1377,2025-04-13,organic,US
1378,2026-01-02,paid_search,IN
1379,2024-10-31,paid_search,BR
1380,2025-11-11,paid_social,US
1381,2026-01-19,organic,US
1382,2025-01-17,paid_search,IN
1383,2025-01-18,paid_social,UK
1384,2025-01-07,paid_search,US
1385,2025-02-09,content,US
1386,2025-03-05,content,CA
1387,2025-08-30,referral,US
1388,2025-04-03,paid_social,CA
1389,2025-04-21,paid_social,UK
1390,2026-01-30,paid_search,US
1391,2024-09-05,paid_search,US
1392,2025-12-09,referral,BR
1393,2025-12-16,organic,DE
1394,2024-12-09,paid_social,US
1395,2025-05-26,paid_social,IN
1396,2024-12-27,organic,US
1397,2025-03-02,paid_search,CA
1398,2025-12-29,referral,CA
1399,2025-04-14,referral,AU
1400,2025-03-12,referral,IN
1401,2025-11-21,paid_social,US
1402,2024-09-04,organic,BR
1403,2024-10-17,organic,IN
1404,2025-02-10,referral,IN
1405,2025-10-26,paid_social,AU
1406,2026-01-21,paid_social,US
1407,2025-08-06,referral,IN
1408,2025-05-27,paid_search,UK
1409,2025-12-17,paid_search,BR
1410,2024-08-10,referral,US
1411,2026-01-23,referral,US
1412,2025-08-22,referral,US
1413,2025-10-18,organic,IN
1414,2025-06-24,organic,AU
1415,2024-09-13,paid_social,DE
1416,2024-11-03,paid_social,IN
1417,2025-09-03,organic,UK
1418,2025-06-20,referral,IN
1419,2025-03-13,organic,BR
1420,2025-08-24,organic,UK
1421,2025-11-14,organic,UK
1422,2025-11-13,paid_social,DE
1423,2025-02-18,paid_social,IN
1424,2025-01-01,paid_social,IN
1425,2025-01-23,paid_social,US
1426,2025-08-19,organic,UK
1427,2024-09-03,paid_social,US
1428,2025-02-13,paid_search,US
1429,2025-12-30,organic,IN
1430,2025-12-23,paid_search,IN
1431,2025-11-11,organic,CA
1432,2025-07-22,referral,BR
1433,2025-05-26,content,US
1434,2025-11-02,paid_search,IN
1435,2025-10-04,organic,CA
1436,2024-10-27,organic,US
1437,2026-01-17,content,US
1438,2025-07-17,organic,CA
1439,2025-02-22,organic,US
1440,2026-01-19,content,AU
1441,2025-07-19,organic,IN
1442,2025-03-20,paid_search,US
1443,2025-05-28,referral,US
1444,2025-02-03,organic,IN
1445,2024-08-27,referral,US
1446,2025-04-06,paid_search,UK
1447,2026-01-22,organic,US
1448,2025-09-02,paid_social,CA
1449,2026-01-05,paid_social,US
1450,2025-06-22,paid_social,US
1451,2025-09-01,paid_social,IN
1452,2025-01-01,organic,AU
1453,2025-04-15,paid_social,DE
1454,2025-07-28,paid_social,US
1455,2025-10-08,organic,US
1456,2025-11-04,paid_search,US
1457,2024-12-27,content,BR
1458,2025-10-08,content,DE
1459,2025-04-01,paid_search,CA
1460,2024-12-03,paid_social,US
1461,2025-05-12,paid_social,UK
1462,2025-01-22,paid_social,DE
1463,2025-08-11,organic,IN
1464,2025-01-21,paid_social,CA
1465,2025-01-02,paid_search,IN
1466,2025-10-28,paid_search,DE
1467,2025-08-21,referral,CA
1468,2025-08-08,organic,US
1469,2025-05-25,paid_search,US
1470,2025-03-11,organic,DE
1471,2025-05-07,referral,AU
1472,2025-07-18,paid_search,UK
1473,2025-06-22,paid_social,US
1474,2025-09-14,organic,CA
1475,2025-10-29,paid_social,IN
1476,2025-04-07,paid_search,IN
1477,2025-10-10,paid_social,IN
1478,2025-09-05,referral,AU
1479,2025-10-27,referral,CA
1480,2025-12-13,paid_social,US
1481,2025-06-10,paid_search,US
1482,2025-08-24,referral,UK
1483,2025-12-30,organic,US
1484,2025-04-20,paid_social,UK
1485,2026-01-15,organic,DE
1486,2025-11-18,content,AU
1487,2026-01-19,content,US
1488,2025-02-17,organic,BR
1489,2025-11-09,paid_social,BR
1490,2025-04-10,organic,US
1491,2024-12-25,organic,IN
1492,2025-04-29,referral,US
1493,2024-12-09,paid_search,UK
1494,2025-07-18,paid_social,US
1495,2025-03-18,content,DE
1496,2025-10-18,content,BR
1497,2025-06-08,organic,US
1498,2025-08-20,referral,DE
1499,2026-01-09,paid_social,CA
1500,2025-06-04,referral,IN
1501,2025-12-06,organic,US
1502,2025-09-18,content,US
1503,2024-09-19,organic,US
1504,2025-09-23,paid_social,IN
1505,2025-11-17,paid_search,UK
1506,2025-03-03,organic,US
1507,2025-10-05,referral,US
1508,2025-07-14,organic,BR
1509,2025-11-13,paid_search,US
1510,2025-09-05,organic,US
1511,2025-06-11,paid_social,UK
1512,2024-10-03,paid_search,BR
1513,2025-10-12,organic,US
1514,2025-05-20,organic,IN
1515,2025-03-08,paid_social,CA
1516,2025-01-30,organic,AU
1517,2025-10-22,referral,US
1518,2025-11-19,organic,US
1519,2025-11-14,content,US
1520,2025-06-17,paid_social,US
1521,2025-11-20,paid_social,IN
1522,2025-11-18,content,US
1523,2025-10-17,paid_search,DE
1524,2025-10-17,paid_social,BR
1525,2025-06-07,organic,US
1526,2024-10-23,paid_search,US
1527,2024-11-14,content,BR
1528,2025-02-15,organic,DE
1529,2025-05-24,referral,DE
1530,2025-10-31,paid_social,US
1531,2026-01-07,referral,US
1532,2025-10-22,referral,UK
1533,2025-12-19,organic,IN
1534,2024-12-17,content,US
1535,2025-01-16,paid_search,CA
1536,2025-05-07,paid_search,CA
1537,2025-01-15,organic,IN
1538,2025-09-21,paid_search,IN
1539,2025-09-22,content,BR
1540,2025-03-30,paid_social,US
1541,2025-10-09,organic,US
1542,2025-11-25,organic,US
1543,2025-05-18,organic,US
1544,2025-10-08,paid_social,US
1545,2025-05-03,referral,CA
1546,2025-09-08,organic,IN
1547,2025-06-10,paid_search,DE
1548,2025-01-05,organic,US
1549,2024-10-02,referral,US
1550,2025-06-08,content,US
1551,2025-05-05,organic,BR
1552,2025-08-24,organic,US
1553,2025-02-05,paid_social,US
1554,2025-12-04,paid_social,DE
1555,2024-08-31,referral,DE
1556,2025-12-03,paid_social,IN
1557,2025-09-12,paid_social,DE
1558,2025-08-30,organic,BR
1559,2025-02-21,organic,US
1560,2025-02-05,referral,US
1561,2025-05-03,paid_social,UK
1562,2025-06-06,paid_social,IN
1563,2025-09-13,paid_search,US
1564,2025-06-24,paid_search,CA
1565,2025-02-26,organic,DE
1566,2024-11-27,referral,AU
1567,2025-10-16,paid_search,IN
1568,2025-11-09,referral,DE
1569,2025-08-15,organic,DE
1570,2025-03-31,paid_search,IN
1571,2024-08-03,organic,DE
1572,2025-05-22,organic,US
1573,2025-09-13,referral,BR
1574,2025-06-22,organic,US
1575,2025-11-21,paid_social,CA
1576,2025-10-14,paid_search,US
1577,2025-03-30,organic,US
1578,2025-06-09,referral,AU
1579,2026-01-03,paid_search,UK
1580,2025-01-16,organic,UK
1581,2025-10-15,paid_search,BR
1582,2024-12-29,paid_search,AU
1583,2025-07-31,organic,DE
1584,2025-12-15,organic,US
1585,2025-10-14,paid_search,US
1586,2026-01-14,paid_search,AU
1587,2024-09-07,referral,US
1588,2025-07-23,referral,US
1589,2025-05-25,paid_search,IN
1590,2025-11-03,organic,UK
1591,2024-11-27,paid_social,IN
1592,2025-01-24,paid_search,DE
1593,2024-12-07,paid_search,UK
1594,2025-03-19,paid_search,UK
1595,2025-11-30,paid_search,US
1596,2024-11-18,content,US
1597,2025-04-04,paid_social,IN
1598,2025-04-03,organic,UK
1599,2025-12-30,organic,US
1600,2025-02-02,paid_search,DE
1601,2025-04-02,content,US
1602,2025-02-19,organic,AU
1603,2025-01-25,organic,CA
1604,2025-08-19,referral,DE
1605,2025-11-03,paid_search,US
1606,2025-11-20,paid_social,UK
1607,2025-12-27,paid_social,CA
1608,2024-10-10,paid_social,UK
1609,2025-11-13,paid_search,BR
1610,2025-02-21,paid_search,US
1611,2025-11-07,content,US
1612,2025-10-16,paid_search,IN
1613,2025-03-29,content,US
1614,2024-08-10,content,US
1615,2025-07-03,organic,US
1616,2025-04-15,paid_social,UK
1617,2024-08-05,paid_social,US
1618,2026-01-01,organic,US
1619,2025-07-23,organic,UK
1620,2025-04-01,paid_social,UK
1621,2025-05-17,paid_social,CA
1622,2024-11-12,organic,IN
1623,2025-11-09,referral,IN
1624,2025-01-24,paid_search,AU
1625,2025-10-29,paid_search,IN
1626,2025-11-10,organic,IN
1627,2025-11-04,paid_social,IN
1628,2024-11-25,content,US
1629,2025-07-12,referral,IN
1630,2025-04-27,organic,UK
1631,2025-01-06,organic,AU
1632,2025-11-12,organic,UK
1633,2025-08-09,paid_search,US
1634,2025-08-21,organic,AU
1635,2025-09-10,content,IN
1636,2024-10-07,paid_search,CA
1637,2025-03-03,organic,IN
1638,2025-07-08,paid_social,US
1639,2025-01-25,content,US
1640,2025-12-28,content,UK
1641,2025-04-25,paid_social,US
1642,2025-02-09,organic,DE
1643,2024-10-13,organic,AU
1644,2025-10-14,referral,US
1645,2025-08-02,paid_social,UK
1646,2026-01-28,paid_social,BR
1647,2025-07-19,referral,IN
1648,2025-10-23,paid_social,UK
1649,2025-10-01,paid_search,UK
1650,2025-11-20,organic,US
1651,2025-05-16,paid_social,IN
1652,2025-08-22,paid_social,IN
1653,2025-02-08,organic,AU
1654,2025-10-10,referral,DE
1655,2025-11-02,paid_search,US
1656,2024-12-30,paid_search,IN
1657,2025-07-28,paid_search,DE
1658,2024-10-02,organic,US
1659,2024-12-03,content,IN
1660,2025-07-23,referral,US
1661,2024-11-08,paid_search,IN
1662,2026-01-01,paid_search,US
1663,2025-12-03,organic,BR
1664,2025-11-02,paid_search,UK
1665,2024-11-06,organic,US
1666,2025-08-19,organic,UK
1667,2025-10-26,paid_social,US
1668,2025-08-13,paid_search,UK
1669,2025-11-19,organic,US
1670,2025-03-29,paid_search,UK
1671,2025-10-29,paid_search,US
1672,2025-04-13,paid_social,US
1673,2024-12-12,organic,US
1674,2025-08-20,organic,US
1675,2025-12-01,organic,US
1676,2025-05-18,paid_search,US
1677,2025-08-25,paid_social,IN
1678,2026-01-07,paid_social,AU
1679,2025-05-17,paid_search,US
1680,2024-12-15,paid_social,US
1681,2024-09-08,organic,DE
1682,2025-07-19,organic,UK
1683,2024-11-21,paid_social,US
1684,2025-09-29,paid_social,US
1685,2025-08-15,content,US
1686,2025-07-16,organic,US
1687,2025-04-08,paid_social,IN
1688,2025-10-03,paid_search,DE
1689,2026-01-18,paid_search,US
1690,2025-04-10,organic,UK
1691,2024-12-26,paid_search,US
1692,2025-09-19,paid_search,IN
1693,2025-02-21,organic,IN
1694,2026-01-19,referral,US
1695,2025-12-12,content,US
1696,2025-11-21,referral,UK
1697,2025-12-11,organic,DE
1698,2025-12-13,paid_social,BR
1699,2024-12-01,paid_search,AU
1700,2025-12-04,paid_social,IN
1701,2025-09-26,paid_social,UK
1702,2025-10-02,content,US
1703,2025-02-02,referral,US
1704,2025-12-24,content,DE
1705,2025-11-10,paid_search,BR
1706,2025-11-28,paid_social,US
1707,2025-11-01,paid_social,IN
1708,2025-02-09,referral,US
1709,2025-02-02,organic,DE
1710,2025-03-12,paid_search,IN
1711,2024-07-19,organic,AU
1712,2025-07-07,paid_social,CA
1713,2025-06-22,referral,IN
1714,2025-04-09,referral,IN
1715,2025-05-10,organic,BR
1716,2025-11-16,organic,UK
1717,2025-09-25,paid_social,BR
1718,2025-05-02,referral,CA
1719,2025-07-01,paid_social,AU
1720,2024-12-26,paid_social,IN
1721,2025-02-08,paid_search,UK
1722,2025-11-17,organic,BR
1723,2025-06-20,organic,US
1724,2025-12-19,paid_search,UK
1725,2025-10-12,organic,BR
1726,2025-01-24,organic,IN
1727,2025-06-22,paid_social,US
1728,2025-10-30,organic,US
1729,2025-09-06,paid_search,AU
1730,2025-03-27,paid_social,DE
1731,2025-08-03,paid_social,US
1732,2025-04-18,organic,DE
1733,2024-10-26,referral,IN
1734,2025-11-16,referral,BR
1735,2025-09-05,organic,AU
1736,2025-09-26,paid_search,CA
1737,2024-08-09,organic,BR
1738,2025-08-20,referral,AU
1739,2025-08-16,paid_search,DE
1740,2024-11-14,paid_search,US
1741,2025-02-24,organic,UK
1742,2024-11-14,paid_search,IN
1743,2024-09-27,content,US
1744,2024-09-11,organic,IN
1745,2025-09-21,paid_search,US
1746,2025-02-15,content,US
1747,2025-09-17,referral,BR
1748,2026-01-27,organic,CA
1749,2025-10-17,referral,BR
1750,2025-10-22,paid_social,DE
1751,2025-10-28,organic,IN
1752,2025-06-15,paid_search,UK
1753,2025-08-22,paid_search,IN
1754,2025-10-04,content,IN
1755,2024-10-08,referral,UK
1756,2024-08-05,organic,CA
1757,2025-05-18,content,UK
1758,2025-01-22,organic,US
1759,2025-03-19,organic,AU
1760,2025-11-12,content,US
1761,2025-09-30,organic,US
1762,2025-02-26,organic,BR
1763,2025-09-18,organic,BR
1764,2025-07-29,organic,IN
1765,2025-09-22,referral,US
1766,2025-03-12,paid_search,US
1767,2024-11-22,organic,US
1768,2026-01-26,organic,IN
1769,2024-11-23,organic,IN
1770,2025-02-08,organic,AU
1771,2025-11-24,referral,DE
1772,2025-10-31,organic,US
1773,2025-06-28,paid_search,US
1774,2025-10-03,organic,CA
1775,2026-01-06,organic,US
1776,2025-10-22,paid_search,BR
1777,2024-10-04,organic,AU
1778,2025-02-10,organic,UK
1779,2025-07-19,content,US
1780,2025-11-20,paid_search,AU
1781,2025-07-11,paid_social,UK
1782,2025-12-03,paid_social,US
1783,2025-07-24,paid_search,UK
1784,2026-01-04,organic,US
1785,2025-08-05,paid_social,UK
1786,2026-01-23,organic,DE
1787,2024-09-12,organic,US
1788,2025-04-22,content,US
1789,2025-07-27,paid_social,AU
1790,2025-05-17,paid_search,UK
1791,2025-07-31,paid_search,DE
1792,2025-01-07,content,DE
1793,2026-01-24,paid_search,US
1794,2025-12-24,organic,US
1795,2025-12-28,referral,BR
1796,2024-11-18,paid_search,DE
1797,2025-01-03,paid_social,UK
1798,2024-11-21,paid_social,US
1799,2025-07-18,referral,US
1800,2025-08-30,referral,US
1801,2024-12-03,paid_search,CA
1802,2025-10-28,paid_social,BR
1803,2025-09-24,paid_social,DE
1804,2025-10-28,paid_social,BR
1805,2025-08-27,organic,US
1806,2025-08-13,paid_search,US
1807,2025-08-12,paid_social,US
1808,2025-08-21,referral,UK
1809,2025-08-23,organic,DE
1810,2024-09-10,paid_social,US
1811,2025-11-08,organic,CA
1812,2025-11-24,paid_social,US
1813,2025-11-22,referral,DE
1814,2025-01-25,paid_social,US
1815,2026-01-12,paid_search,BR
1816,2025-10-15,paid_social,US
1817,2026-01-20,paid_social,CA
1818,2024-12-05,organic,US
1819,2025-09-02,referral,BR
1820,2024-11-12,organic,US
1821,2025-10-28,referral,UK
1822,2024-12-18,paid_social,DE
1823,2026-01-22,organic,DE
1824,2025-04-04,paid_search,CA
1825,2025-12-02,organic,UK
1826,2025-08-29,referral,CA
1827,2025-05-08,paid_search,BR
1828,2026-01-11,paid_search,US
1829,2026-01-09,content,AU
1830,2025-05-28,organic,US
1831,2025-09-19,paid_social,US
1832,2025-06-16,paid_social,IN
1833,2025-03-30,paid_search,IN
1834,2025-10-21,paid_search,US
1835,2025-07-24,paid_social,IN
1836,2025-12-07,referral,US
1837,2025-07-01,content,US
1838,2025-03-30,organic,UK
1839,2025-07-02,paid_search,CA
1840,2024-10-20,paid_social,US
1841,2025-11-03,organic,US
1842,2025-03-21,paid_social,BR
1843,2025-10-19,content,BR
1844,2025-06-29,referral,US
1845,2024-12-06,organic,US
1846,2026-01-17,referral,BR
1847,2025-07-13,referral,AU
1848,2025-10-19,paid_search,AU
1849,2026-01-02,referral,US
1850,2026-01-29,referral,CA
1851,2025-03-26,paid_social,DE
1852,2025-06-28,organic,US
1853,2025-01-06,paid_social,US
1854,2025-10-18,paid_social,DE
1855,2024-08-15,paid_search,US
1856,2024-11-12,organic,US
1857,2025-08-08,content,AU
1858,2025-05-20,organic,UK
1859,2025-10-10,content,UK
1860,2026-01-04,referral,IN
1861,2025-10-10,organic,CA
1862,2025-12-15,organic,IN
1863,2025-03-07,organic,US
1864,2025-02-21,paid_social,US
1865,2024-08-25,organic,CA
1866,2025-08-06,organic,US
1867,2025-10-29,paid_social,AU
1868,2025-07-07,referral,DE
1869,2025-07-11,referral,UK
1870,2025-10-24,content,IN
1871,2025-08-04,organic,US
1872,2025-08-16,referral,US
1873,2025-04-19,content,IN
1874,2025-03-30,referral,UK
1875,2025-11-15,referral,DE
1876,2024-08-17,content,IN
1877,2025-10-03,paid_social,US
1878,2025-10-15,organic,US
1879,2025-03-26,organic,US
1880,2025-03-09,paid_social,AU
1881,2025-11-07,organic,UK
1882,2025-02-19,organic,US
1883,2025-01-04,organic,US
1884,2024-12-30,organic,IN
1885,2025-09-13,content,AU
1886,2025-06-07,paid_search,UK
1887,2024-11-13,referral,IN
1888,2024-11-12,organic,IN
1889,2024-10-09,organic,CA
1890,2024-12-01,paid_search,AU
1891,2025-11-24,referral,DE
1892,2025-05-26,organic,US
1893,2025-07-05,organic,US
1894,2025-03-02,organic,US
1895,2025-06-26,paid_social,UK
1896,2026-01-30,referral,BR
1897,2025-04-25,organic,IN
1898,2025-08-14,content,UK
1899,2025-12-23,organic,BR
1900,2025-10-21,organic,AU
1901,2024-12-18,paid_social,US
1902,2025-10-26,paid_search,CA
1903,2024-10-10,paid_social,UK
1904,2025-06-03,organic,US
1905,2025-11-21,paid_search,AU
1906,2025-10-06,content,US
1907,2025-02-20,organic,US
1908,2025-09-03,referral,CA
1909,2025-12-05,organic,UK
1910,2025-01-06,organic,CA
1911,2025-07-04,paid_social,DE
1912,2026-01-07,content,IN
1913,2025-05-08,referral,US
1914,2025-08-13,content,UK
1915,2025-11-27,referral,US
1916,2026-01-08,paid_search,DE
1917,2025-09-03,referral,US
1918,2024-10-29,organic,US
1919,2024-09-29,paid_social,IN
1920,2025-08-11,paid_social,IN
1921,2024-11-13,referral,IN
1922,2026-01-22,organic,US
1923,2025-12-10,paid_search,DE
1924,2025-08-02,paid_social,AU
1925,2025-11-01,organic,IN
1926,2025-11-04,organic,US
1927,2025-02-06,paid_search,DE
1928,2025-06-06,paid_search,US
1929,2025-07-10,paid_social,US
1930,2025-01-02,referral,BR
1931,2025-11-04,paid_social,US
1932,2025-07-15,paid_search,DE
1933,2026-01-20,paid_search,IN
1934,2025-05-07,organic,UK
1935,2025-10-06,paid_social,UK
1936,2025-04-28,referral,IN
1937,2025-01-30,content,BR
1938,2025-09-01,referral,CA
1939,2025-02-02,referral,UK
1940,2025-01-28,paid_search,US
1941,2025-12-11,paid_search,DE
1942,2025-12-14,paid_search,US
1943,2025-03-18,organic,US
1944,2025-06-29,organic,DE
1945,2025-07-28,paid_search,US
1946,2025-02-16,paid_social,DE
1947,2025-10-26,organic,US
1948,2025-04-15,paid_search,AU
1949,2025-10-29,organic,BR
1950,2025-11-20,referral,AU
1951,2025-09-10,paid_search,US
1952,2025-07-09,paid_social,CA
1953,2025-03-25,content,AU
1954,2025-03-07,content,IN
1955,2025-07-24,organic,US
1956,2025-06-29,organic,AU
1957,2025-08-06,paid_social,US
1958,2025-04-18,organic,US
1959,2025-11-01,paid_social,CA
1960,2024-11-07,paid_search,CA
1961,2026-01-24,organic,US
1962,2024-12-18,organic,DE
1963,2025-03-01,paid_social,UK
1964,2024-10-28,referral,AU
1965,2025-07-01,organic,AU
1966,2025-04-18,paid_search,IN
1967,2025-10-17,organic,AU
1968,2025-09-24,paid_search,IN
1969,2025-03-01,organic,CA
1970,2025-10-29,organic,DE
1971,2025-08-29,content,IN
1972,2025-09-22,paid_social,BR
1973,2025-01-15,content,US
1974,2025-09-22,paid_social,UK
1975,2025-11-28,referral,UK
1976,2025-05-15,organic,US
1977,2025-01-14,organic,IN
1978,2025-02-24,organic,UK
1979,2025-11-05,content,AU
1980,2025-09-03,organic,US
1981,2024-10-16,paid_search,CA
1982,2025-08-09,referral,UK
1983,2024-09-28,paid_search,US
1984,2025-05-28,paid_search,DE
1985,2025-04-28,content,UK
1986,2025-02-16,referral,BR
1987,2025-12-06,referral,UK
1988,2026-01-14,paid_social,UK
1989,2024-12-19,organic,AU
1990,2025-10-04,content,CA
1991,2025-03-26,organic,DE
1992,2025-02-25,organic,US
1993,2025-01-13,paid_social,UK
1994,2025-07-25,paid_social,CA
1995,2024-10-31,referral,US
1996,2025-01-07,content,US
1997,2024-12-16,paid_social,US
1998,2025-01-24,paid_search,DE
1999,2025-02-24,organic,US
2000,2025-10-27,content,US
2001,2025-05-22,organic,US
2002,2026-01-23,paid_social,CA
2003,2024-12-04,organic,BR
2004,2025-07-15,organic,US
2005,2025-07-14,paid_search,UK
2006,2024-12-05,paid_social,US
2007,2024-11-22,organic,DE
2008,2025-12-25,paid_search,US
2009,2024-11-07,paid_search,US
2010,2024-12-14,paid_social,IN
2011,2024-10-01,paid_social,DE
2012,2025-09-25,organic,US
2013,2025-08-15,referral,IN
2014,2025-11-16,paid_social,US
2015,2025-07-25,paid_search,BR
2016,2024-12-09,paid_social,US
2017,2025-06-20,referral,UK
2018,2024-11-30,paid_search,UK
2019,2025-07-26,organic,US
2020,2024-08-21,organic,US
2021,2025-09-09,organic,US
2022,2026-01-19,paid_social,UK
2023,2025-07-12,paid_social,CA
2024,2025-06-13,referral,UK
2025,2025-10-23,content,BR
2026,2025-06-09,organic,US
2027,2025-08-20,paid_search,IN
2028,2025-04-22,content,UK
2029,2025-06-03,paid_social,IN
2030,2025-05-07,referral,AU
2031,2024-12-30,paid_social,US
2032,2025-04-11,referral,US
2033,2025-09-21,paid_search,US
2034,2025-09-01,content,BR
2035,2024-12-29,organic,US
2036,2024-07-18,paid_search,UK
2037,2024-11-19,paid_social,UK
2038,2025-05-24,paid_social,AU
2039,2025-07-08,referral,US
2040,2025-08-15,organic,UK
2041,2025-05-26,paid_social,DE
2042,2025-07-18,paid_social,CA
2043,2024-11-24,organic,UK
2044,2025-05-03,paid_social,IN
2045,2025-09-10,organic,IN
2046,2024-11-25,organic,CA
2047,2026-01-16,paid_search,IN
2048,2025-02-19,organic,US
2049,2025-12-16,paid_search,US
2050,2025-11-26,paid_social,BR
2051,2025-10-08,organic,UK
2052,2025-06-21,organic,US
2053,2025-08-16,referral,UK
2054,2026-01-27,paid_search,US
2055,2025-05-25,paid_search,CA
2056,2025-10-26,paid_social,BR
2057,2024-12-16,paid_social,UK
2058,2025-01-02,organic,US
2059,2025-12-13,content,CA
2060,2025-10-14,content,US
2061,2025-01-30,content,DE
2062,2024-10-06,organic,DE
2063,2025-10-13,organic,US
2064,2026-01-31,paid_search,IN
2065,2024-10-03,referral,US
2066,2025-02-14,organic,DE
2067,2025-12-06,paid_search,UK
2068,2025-09-07,referral,UK
2069,2025-09-04,paid_social,DE
2070,2025-01-21,referral,US
2071,2025-11-08,paid_social,DE
2072,2025-04-24,paid_search,CA
2073,2025-09-07,organic,DE
2074,2025-09-05,paid_social,US
2075,2025-11-04,paid_social,DE
2076,2025-12-02,paid_search,BR
2077,2025-07-24,paid_social,UK
2078,2026-01-12,content,BR
2079,2025-04-17,paid_search,AU
2080,2024-09-27,paid_social,UK
2081,2025-04-21,paid_search,DE
2082,2025-12-26,organic,US
2083,2025-05-02,organic,US
2084,2025-11-16,organic,BR
2085,2025-10-03,organic,DE
2086,2025-12-10,paid_search,US
2087,2025-07-26,content,US
2088,2025-05-16,organic,IN
2089,2025-12-13,paid_search,UK
2090,2026-01-02,organic,UK
2091,2024-09-28,referral,US
2092,2026-01-11,organic,US
2093,2024-09-05,organic,DE
2094,2024-12-21,organic,CA
2095,2025-10-09,content,UK
2096,2024-11-28,organic,US
2097,2025-03-31,referral,DE
2098,2024-10-28,paid_social,AU
2099,2025-09-30,organic,US
2100,2025-10-11,paid_social,IN
2101,2025-08-19,paid_search,UK
2102,2025-06-06,paid_search,DE
2103,2025-04-28,content,DE
2104,2024-07-12,organic,AU
2105,2025-10-04,organic,UK
2106,2025-10-30,referral,CA
2107,2025-11-14,paid_search,US
2108,2024-08-24,referral,US
2109,2025-08-20,organic,IN
2110,2025-01-11,paid_search,UK
2111,2025-09-12,organic,IN
2112,2025-05-10,content,UK
2113,2025-02-04,organic,IN
2114,2025-12-19,paid_social,US
2115,2024-12-26,organic,UK
2116,2025-11-12,referral,UK
2117,2025-10-10,referral,DE
2118,2025-08-27,paid_search,AU
2119,2025-06-18,paid_social,DE
2120,2025-01-29,paid_search,US
2121,2024-10-20,organic,IN
2122,2025-07-17,paid_search,UK
2123,2025-09-15,paid_social,CA
2124,2025-09-19,paid_search,IN
2125,2025-06-07,paid_search,US
2126,2026-01-01,paid_social,US
2127,2025-04-08,organic,US
2128,2025-08-31,paid_social,US
2129,2024-10-19,paid_social,US
2130,2025-06-18,organic,BR
2131,2025-10-19,organic,AU
2132,2024-12-03,organic,US
2133,2025-03-24,paid_social,IN
2134,2025-03-24,paid_social,UK
2135,2025-11-22,organic,CA
2136,2025-09-12,paid_search,US
2137,2025-12-10,organic,US
2138,2025-02-09,content,CA
2139,2025-10-22,paid_social,US
2140,2026-01-26,paid_search,US
2141,2025-07-23,organic,US
2142,2025-09-12,organic,IN
2143,2025-12-31,content,US
2144,2025-05-06,paid_social,US
2145,2025-11-18,paid_search,DE
2146,2025-05-15,paid_social,BR
2147,2024-10-01,referral,US
2148,2025-04-23,paid_social,US
2149,2025-09-13,paid_social,DE
2150,2025-05-13,paid_social,US
2151,2025-02-20,referral,IN
2152,2025-09-25,paid_search,CA
2153,2025-09-11,organic,US
2154,2024-11-16,paid_social,CA
2155,2025-12-02,paid_search,UK
2156,2026-01-02,organic,BR
2157,2025-03-31,organic,DE
2158,2024-11-16,organic,US
2159,2024-08-08,paid_social,IN
2160,2025-05-16,organic,US
2161,2025-01-21,referral,US
2162,2025-10-13,content,DE
2163,2025-07-26,paid_social,US
2164,2026-01-06,organic,UK
2165,2025-12-25,organic,BR
2166,2025-10-30,referral,US
2167,2024-12-04,referral,US
2168,2025-03-16,organic,DE
2169,2025-05-16,referral,DE
2170,2025-02-24,paid_search,AU
2171,2025-05-15,organic,UK
2172,2025-07-17,content,CA
2173,2025-08-06,paid_social,UK
2174,2025-07-21,paid_search,BR
2175,2024-11-07,organic,DE
2176,2024-09-22,referral,BR
2177,2025-05-26,paid_search,UK
2178,2024-10-06,referral,US
2179,2025-08-10,organic,UK
2180,2024-10-05,paid_search,BR
2181,2025-09-07,content,AU
2182,2024-12-06,organic,DE
2183,2024-12-27,referral,AU
2184,2025-12-19,organic,IN
2185,2025-12-11,referral,UK
2186,2025-07-09,organic,US
2187,2024-10-18,paid_search,US
2188,2025-05-14,referral,IN
2189,2025-12-28,paid_social,BR
2190,2025-05-20,paid_social,IN
2191,2024-09-30,organic,DE
2192,2025-01-31,paid_social,DE
2193,2025-10-22,paid_search,UK
2194,2024-12-30,referral,IN
2195,2025-12-08,paid_search,US
2196,2025-09-18,paid_search,CA
2197,2025-01-05,paid_search,AU
2198,2025-12-11,content,UK
2199,2025-02-28,paid_search,CA
2200,2025-07-31,content,US
2201,2025-05-01,paid_search,CA
2202,2025-09-18,referral,US
2203,2025-10-18,referral,UK
2204,2024-11-30,paid_search,CA
2205,2025-04-15,organic,US
2206,2025-12-22,organic,IN
2207,2025-05-03,paid_social,US
2208,2025-10-09,paid_search,BR
2209,2025-04-04,referral,US
2210,2025-11-15,paid_search,AU
2211,2025-11-24,paid_search,UK
2212,2025-10-21,paid_social,DE
2213,2025-09-04,organic,DE
2214,2025-08-24,paid_social,US
2215,2025-10-06,organic,AU
2216,2025-03-04,paid_social,UK
2217,2025-05-15,paid_search,AU
2218,2025-06-02,paid_search,US
2219,2025-11-22,organic,IN
2220,2025-05-18,paid_search,US
2221,2026-01-21,organic,DE
2222,2025-06-02,paid_search,IN
2223,2024-12-28,organic,AU
2224,2024-10-29,referral,AU
2225,2025-08-15,organic,DE
2226,2025-12-08,organic,IN
2227,2025-12-16,referral,DE
2228,2024-07-19,paid_search,UK
2229,2025-12-21,paid_search,IN
2230,2025-01-28,paid_social,DE
2231,2025-10-23,content,IN
2232,2025-11-30,paid_social,IN
2233,2025-03-13,paid_search,US
2234,2025-06-29,organic,DE
2235,2025-11-26,referral,US
2236,2024-07-13,paid_search,US
2237,2025-07-26,organic,US
2238,2025-10-28,paid_social,DE
2239,2024-12-22,paid_search,US
2240,2024-11-21,content,CA
2241,2025-12-25,content,BR
2242,2025-11-01,organic,CA
2243,2026-01-05,referral,IN
2244,2024-11-14,content,IN
2245,2025-05-10,referral,US
2246,2024-08-23,organic,DE
2247,2026-01-15,organic,BR
2248,2025-03-28,content,IN
2249,2025-11-01,organic,US
2250,2025-06-17,paid_search,UK
2251,2025-03-27,organic,IN
2252,2025-12-23,organic,US
2253,2025-09-21,content,US
2254,2025-12-04,organic,CA
2255,2025-07-29,organic,UK
2256,2024-10-13,paid_search,US
2257,2025-11-29,content,AU
2258,2025-07-31,paid_social,IN
2259,2025-02-01,referral,DE
2260,2025-06-18,organic,AU
2261,2025-11-19,organic,BR
2262,2025-09-29,paid_social,US
2263,2025-02-11,referral,US
2264,2026-01-18,paid_search,UK
2265,2025-12-11,organic,US
2266,2025-09-05,referral,CA
2267,2025-08-07,paid_search,US
2268,2024-12-07,paid_social,US
2269,2025-10-10,referral,DE
2270,2024-10-04,paid_social,IN
2271,2025-02-19,paid_search,US
2272,2025-09-20,paid_search,AU
2273,2024-12-23,paid_search,US
2274,2026-01-03,referral,UK
2275,2025-09-17,organic,US
2276,2025-09-27,content,IN
2277,2025-06-27,paid_social,IN
2278,2026-01-25,paid_search,CA
2279,2025-06-07,organic,US
2280,2025-03-20,organic,UK
2281,2025-07-26,paid_search,DE
2282,2026-01-29,paid_social,IN
2283,2025-08-02,content,IN
2284,2025-02-10,organic,UK
2285,2026-01-09,organic,CA
2286,2025-05-10,organic,DE
2287,2025-01-25,content,UK
2288,2025-08-29,paid_search,IN
2289,2025-10-31,organic,UK
2290,2024-11-03,paid_search,US
2291,2025-01-29,organic,UK
2292,2024-08-15,paid_social,US
2293,2024-11-29,paid_search,IN
2294,2024-10-07,content,US
2295,2025-07-17,referral,UK
2296,2024-07-08,organic,US
2297,2025-04-22,paid_social,US
2298,2025-07-28,organic,US
2299,2025-07-23,paid_search,IN
2300,2025-09-15,organic,US
2301,2025-10-29,content,US
2302,2025-11-20,organic,IN
2303,2024-10-24,paid_social,US
2304,2025-10-24,paid_search,US
2305,2026-01-01,referral,US
2306,2024-07-29,organic,US
2307,2025-04-24,paid_social,DE
2308,2025-11-04,paid_search,UK
2309,2025-08-02,paid_search,DE
2310,2025-03-08,paid_search,IN
2311,2025-09-24,paid_search,IN
2312,2025-10-11,organic,IN
2313,2025-05-11,organic,CA
2314,2025-12-10,paid_social,BR
2315,2025-04-22,paid_search,US
2316,2025-08-11,paid_search,US
2317,2025-09-10,paid_social,CA
2318,2025-01-29,paid_search,US
2319,2025-11-22,content,US
2320,2025-05-19,paid_social,DE
2321,2026-01-10,paid_search,CA
2322,2025-09-14,organic,US
2323,2025-08-13,paid_social,BR
2324,2026-01-27,referral,AU
2325,2025-08-15,referral,US
2326,2024-10-24,organic,DE
2327,2025-12-27,organic,DE
2328,2024-11-26,paid_social,US
2329,2025-06-10,paid_search,UK
2330,2025-12-17,organic,UK
2331,2025-01-19,content,BR
2332,2025-04-23,paid_search,IN
2333,2025-10-29,paid_social,US
2334,2025-10-25,organic,BR
2335,2024-09-20,paid_search,UK
2336,2025-10-22,paid_social,US
2337,2025-04-26,paid_social,US
2338,2025-08-22,organic,CA
2339,2025-05-04,paid_social,US
2340,2025-09-11,organic,IN
2341,2025-02-13,content,CA
2342,2025-11-08,organic,AU
2343,2025-10-09,paid_search,DE
2344,2025-01-03,paid_social,BR
2345,2024-07-10,content,US
2346,2025-07-10,organic,UK
2347,2025-09-20,organic,DE
2348,2025-09-25,paid_social,CA
2349,2025-05-20,paid_search,US
2350,2025-01-12,paid_social,CA
2351,2024-09-13,paid_search,US
2352,2025-03-18,paid_search,CA
2353,2025-09-26,referral,US
2354,2025-11-07,paid_social,CA
2355,2024-09-30,organic,US
2356,2025-06-20,referral,IN
2357,2026-01-12,organic,AU
2358,2025-08-18,content,IN
2359,2024-08-11,paid_social,UK
2360,2025-09-09,paid_search,IN
2361,2025-03-02,paid_social,AU
2362,2025-12-10,paid_social,US
2363,2025-05-31,referral,BR
2364,2025-10-14,organic,BR
2365,2025-08-20,organic,AU
2366,2025-12-28,referral,IN
2367,2025-08-03,paid_search,US
2368,2025-02-14,organic,US
2369,2026-01-11,paid_social,CA
2370,2026-01-07,organic,IN
2371,2025-07-23,paid_social,BR
2372,2024-11-08,paid_social,US
2373,2024-08-30,content,UK
2374,2025-04-13,referral,UK
2375,2025-10-30,organic,DE
2376,2024-11-08,content,US
2377,2025-07-19,organic,UK
2378,2025-02-08,organic,US
2379,2024-10-04,organic,CA
2380,2026-01-22,paid_social,IN
2381,2026-01-13,paid_search,US
2382,2025-11-07,content,UK
2383,2025-06-28,organic,US
2384,2025-12-15,content,DE
2385,2025-03-27,paid_search,US
2386,2025-03-14,organic,US
2387,2025-10-28,organic,UK
2388,2026-01-31,paid_social,UK
2389,2025-02-07,referral,BR
2390,2025-11-15,referral,BR
2391,2025-07-22,organic,US
2392,2025-05-02,organic,UK
2393,2025-10-27,organic,CA
2394,2025-07-23,paid_search,US
2395,2024-11-19,organic,US
2396,2025-07-25,organic,DE
2397,2026-01-04,referral,US
2398,2024-12-21,organic,US
2399,2024-12-12,paid_search,US
2400,2026-01-20,paid_social,IN
2401,2024-12-06,paid_search,AU
2402,2025-05-21,organic,UK
2403,2024-11-21,referral,IN
2404,2026-01-12,referral,UK
2405,2024-12-05,paid_search,DE
2406,2025-02-09,paid_social,US
2407,2024-11-03,organic,US
2408,2025-08-16,content,DE
2409,2025-01-24,paid_search,IN
2410,2025-06-04,paid_social,US
2411,2024-12-24,paid_search,US
2412,2024-09-18,paid_search,US
2413,2025-12-25,paid_search,DE
2414,2025-07-21,paid_social,UK
2415,2025-01-06,paid_search,US
2416,2025-02-21,organic,US
2417,2025-01-16,paid_search,IN
2418,2025-06-29,organic,US
2419,2025-12-08,organic,US
2420,2025-10-26,paid_search,UK
2421,2025-01-21,organic,DE
2422,2025-12-05,referral,US
2423,2025-10-12,paid_social,BR
2424,2025-11-19,referral,IN
2425,2025-07-09,referral,DE
2426,2025-12-26,paid_search,DE
2427,2025-11-12,referral,IN
2428,2025-04-01,paid_social,US
2429,2025-09-27,content,AU
2430,2024-07-17,paid_search,US
2431,2025-10-03,paid_search,IN
2432,2025-07-08,paid_search,UK
2433,2024-12-09,organic,IN
2434,2025-07-28,paid_search,US
2435,2025-07-25,referral,US
2436,2025-10-04,organic,DE
2437,2025-12-22,paid_social,CA
2438,2025-11-27,paid_search,US
2439,2025-05-08,paid_search,UK
2440,2025-06-15,organic,UK
2441,2025-04-02,paid_search,DE
2442,2025-11-09,organic,US
2443,2026-01-28,paid_social,DE
2444,2025-07-27,content,IN
2445,2025-01-26,paid_search,DE
2446,2025-07-30,organic,DE
2447,2025-06-12,referral,US
2448,2024-12-28,paid_social,DE
2449,2025-02-08,organic,IN
2450,2025-07-27,organic,AU
2451,2025-03-30,referral,UK
2452,2025-06-04,content,IN
2453,2025-03-22,paid_social,AU
2454,2025-09-05,organic,IN
2455,2025-05-01,organic,IN
2456,2025-11-05,content,US
2457,2024-12-01,organic,US
2458,2025-09-15,referral,US
2459,2026-01-08,organic,IN
2460,2025-01-09,organic,CA
2461,2025-09-16,referral,UK
2462,2024-11-28,paid_social,AU
2463,2025-07-10,referral,CA
2464,2025-06-12,paid_social,US
2465,2025-08-21,paid_social,UK
2466,2025-12-24,paid_search,US
2467,2025-07-01,organic,UK
2468,2025-12-30,organic,IN
2469,2025-04-13,referral,US
2470,2025-11-04,paid_social,BR
2471,2026-01-25,content,US
2472,2025-12-29,organic,IN
2473,2025-06-26,organic,IN
2474,2025-08-06,paid_search,UK
2475,2025-09-09,content,AU
2476,2025-09-17,organic,BR
2477,2025-12-01,paid_search,US
2478,2025-05-11,organic,US
2479,2025-09-15,paid_search,US
2480,2025-07-20,referral,US
2481,2025-03-03,content,DE
2482,2025-03-05,organic,UK
2483,2025-12-07,referral,US
2484,2025-09-24,paid_social,UK
2485,2025-05-28,paid_social,IN
2486,2026-01-13,paid_social,DE
2487,2025-06-10,referral,IN
2488,2025-08-22,paid_search,AU
2489,2025-03-29,paid_search,US
2490,2025-02-24,paid_search,US
2491,2025-05-12,organic,US
2492,2025-09-09,paid_search,CA
2493,2024-11-08,organic,CA
2494,2025-12-04,paid_search,AU
2495,2025-11-08,organic,IN
2496,2025-06-03,organic,UK
2497,2025-01-26,referral,UK
2498,2025-07-17,organic,IN
2499,2026-01-25,paid_search,BR
2500,2025-04-20,organic,UK
2501,2025-01-22,organic,CA
2502,2026-01-11,organic,IN
2503,2025-12-29,paid_social,AU
2504,2025-09-21,paid_search,IN
2505,2026-01-18,referral,IN
2506,2025-08-10,paid_search,IN
2507,2025-11-26,paid_social,US
2508,2025-05-07,referral,UK
2509,2025-12-28,referral,IN
2510,2025-11-30,referral,IN
2511,2025-06-10,referral,US
2512,2025-09-15,paid_search,IN
2513,2025-09-11,paid_social,US
2514,2025-12-19,paid_search,US
2515,2025-12-12,organic,US
2516,2025-04-02,organic,DE
2517,2025-08-12,organic,IN
2518,2025-07-02,paid_search,US
2519,2025-03-14,paid_social,IN
2520,2025-10-21,paid_social,US
2521,2025-12-26,paid_search,IN
2522,2026-01-01,content,US
2523,2025-03-31,referral,BR
2524,2024-10-25,paid_social,US
2525,2024-10-21,organic,IN
2526,2025-02-27,paid_search,US
2527,2025-09-05,organic,DE
2528,2025-04-23,organic,UK
2529,2025-02-19,organic,IN
2530,2025-12-10,organic,IN
2531,2025-11-20,content,AU
2532,2025-10-07,organic,DE
2533,2025-11-20,paid_social,IN
2534,2025-08-22,paid_search,US
2535,2024-11-08,paid_search,UK
2536,2025-12-31,referral,CA
2537,2024-10-04,referral,CA
2538,2025-12-08,organic,US
2539,2024-07-31,referral,US
2540,2025-09-10,paid_social,IN
2541,2025-12-02,referral,US
2542,2025-04-22,paid_search,DE
2543,2024-08-04,content,BR
2544,2025-11-11,paid_search,DE
2545,2025-10-02,organic,US
2546,2024-12-16,organic,AU
2547,2025-06-23,paid_social,DE
2548,2025-07-09,organic,IN
2549,2025-07-30,paid_search,DE
2550,2025-04-23,paid_search,IN
2551,2025-10-06,referral,US
2552,2026-01-03,paid_social,UK
2553,2025-04-28,referral,AU
2554,2025-01-17,organic,US
2555,2025-06-18,paid_search,CA
2556,2025-09-17,content,US
2557,2025-06-07,organic,US
2558,2025-07-03,paid_social,BR
2559,2024-10-24,referral,AU
2560,2025-10-08,referral,US
2561,2025-11-28,content,US
2562,2025-07-24,organic,DE
2563,2024-12-13,organic,DE
2564,2025-08-10,paid_search,BR
2565,2025-04-23,content,UK
2566,2025-03-06,paid_search,DE
2567,2025-11-20,organic,US
2568,2025-11-17,paid_social,US
2569,2025-06-14,content,UK
2570,2025-06-06,referral,US
2571,2025-03-07,organic,US
2572,2025-12-03,paid_search,US
2573,2025-12-21,content,US
2574,2025-08-22,paid_social,CA
2575,2024-12-05,organic,IN
2576,2025-06-22,organic,BR
2577,2025-04-15,organic,IN
2578,2025-09-23,paid_social,DE
2579,2025-02-25,referral,US
2580,2025-07-31,paid_social,IN
2581,2026-01-20,paid_social,UK
2582,2024-10-17,content,CA
2583,2025-04-06,referral,US
2584,2025-09-22,paid_social,CA
2585,2025-12-13,paid_social,US
2586,2025-05-23,referral,DE
2587,2025-05-03,organic,US
2588,2025-05-23,paid_social,CA
2589,2025-07-26,paid_search,UK
2590,2025-10-23,paid_social,US
2591,2024-09-27,organic,UK
2592,2024-11-10,paid_search,CA
2593,2025-03-13,referral,IN
2594,2025-05-25,referral,US
2595,2025-05-04,content,IN
2596,2024-07-24,organic,UK
2597,2025-05-14,organic,IN
2598,2025-03-13,paid_search,US
2599,2024-10-24,paid_social,US
2600,2025-02-08,organic,CA
2601,2025-10-07,organic,BR
2602,2025-06-07,paid_search,IN
2603,2025-11-05,organic,IN
2604,2025-06-29,paid_social,CA
2605,2026-01-31,referral,DE
2606,2024-10-04,organic,US
2607,2024-12-12,paid_search,US
2608,2025-11-23,paid_search,DE
2609,2025-06-16,paid_search,US
2610,2026-01-29,referral,AU
2611,2024-07-23,referral,US
2612,2025-03-19,paid_social,BR
2613,2025-05-20,paid_social,US
2614,2025-12-06,organic,BR
2615,2024-10-10,paid_search,CA
2616,2026-01-06,organic,UK
2617,2025-09-17,organic,BR
2618,2025-09-15,paid_social,AU
2619,2025-10-19,content,UK
2620,2025-04-24,paid_search,US
2621,2026-01-21,paid_search,DE
2622,2025-12-11,paid_search,IN
2623,2025-12-20,referral,AU
2624,2024-11-11,paid_search,IN
2625,2025-11-23,paid_social,CA
2626,2025-04-10,paid_search,US
2627,2025-09-16,paid_search,DE
2628,2025-07-10,paid_search,IN
2629,2024-10-04,content,IN
2630,2025-07-18,referral,DE
2631,2025-08-11,paid_social,US
2632,2025-02-04,paid_search,AU
2633,2025-02-11,organic,BR
2634,2025-09-29,organic,UK
2635,2026-01-10,content,CA
2636,2025-03-21,organic,BR
2637,2025-12-10,referral,US
2638,2025-08-16,paid_search,AU
2639,2025-11-25,paid_social,UK
2640,2025-03-13,paid_search,BR
2641,2025-03-06,organic,UK
2642,2025-06-21,organic,US
2643,2025-11-03,paid_social,BR
2644,2025-10-10,paid_social,US
2645,2025-10-24,referral,IN
2646,2025-08-24,content,US
2647,2025-11-21,paid_search,UK
2648,2025-05-12,paid_social,US
2649,2024-07-19,organic,BR
2650,2026-01-07,organic,DE
2651,2025-12-06,paid_search,US
2652,2025-09-05,paid_social,US
2653,2025-03-17,content,US
2654,2025-07-18,organic,US
2655,2025-01-02,referral,US
2656,2025-05-17,organic,US
2657,2025-12-18,organic,US
2658,2026-01-08,paid_social,CA
2659,2025-08-03,organic,DE
2660,2024-10-16,paid_search,IN
2661,2026-01-18,paid_search,IN
2662,2025-03-28,paid_search,IN
2663,2025-02-09,referral,US
2664,2025-09-21,referral,CA
2665,2025-11-30,paid_search,CA
2666,2026-01-08,paid_search,DE
2667,2025-06-24,paid_social,US
2668,2024-12-21,paid_social,US
2669,2025-11-19,organic,BR
2670,2025-04-03,referral,CA
2671,2025-02-26,paid_social,IN
2672,2024-09-18,paid_search,US
2673,2025-11-15,paid_social,IN
2674,2025-11-14,referral,UK
2675,2024-09-05,paid_social,US
2676,2025-11-05,paid_search,US
2677,2025-06-23,paid_social,UK
2678,2024-08-14,paid_search,IN
2679,2024-12-23,referral,IN
2680,2026-01-19,organic,UK
2681,2025-06-20,paid_search,IN
2682,2025-10-27,paid_social,UK
2683,2025-03-07,referral,US
2684,2025-07-17,paid_search,DE
2685,2026-01-18,paid_search,US
2686,2025-02-25,referral,IN
2687,2025-09-09,paid_search,DE
2688,2025-12-07,organic,CA
2689,2026-01-17,referral,US
2690,2024-12-17,organic,US
2691,2025-11-10,paid_search,UK
2692,2025-11-16,content,US
2693,2025-12-08,organic,CA
2694,2025-09-10,referral,AU
2695,2024-12-09,organic,US
2696,2024-11-29,paid_search,AU
2697,2025-09-28,paid_search,AU
2698,2025-09-15,content,DE
2699,2025-12-20,paid_search,UK
2700,2025-07-18,paid_search,CA
2701,2025-11-19,paid_search,AU
2702,2025-09-13,organic,US
2703,2025-04-08,paid_social,IN
2704,2026-01-31,content,CA
2705,2025-11-25,organic,AU
2706,2025-04-17,referral,IN
2707,2025-09-24,paid_social,US
2708,2025-09-29,organic,US
2709,2024-12-22,content,AU
2710,2025-10-24,organic,US
2711,2025-07-11,paid_social,US
2712,2025-07-14,organic,US
2713,2025-06-10,paid_search,US
2714,2024-11-06,paid_social,US
2715,2025-03-29,content,CA
2716,2025-08-22,content,IN
2717,2024-10-06,content,AU
2718,2025-11-02,organic,DE
2719,2024-11-09,paid_social,US
2720,2025-03-16,paid_social,UK
2721,2025-01-11,paid_social,US
2722,2024-08-20,organic,DE
2723,2025-05-24,paid_social,AU
2724,2025-12-04,paid_search,US
2725,2025-02-03,referral,UK
2726,2025-12-13,organic,US
2727,2026-01-27,paid_social,UK
2728,2025-12-05,paid_search,AU
2729,2025-02-20,paid_social,UK
2730,2025-07-15,referral,US
2731,2024-10-21,referral,CA
2732,2025-02-13,paid_search,IN
2733,2025-12-25,organic,US
2734,2025-03-16,content,UK
2735,2025-01-01,paid_search,AU
2736,2025-12-28,paid_social,DE
2737,2025-08-10,organic,UK
2738,2025-10-12,paid_search,US
2739,2025-04-17,organic,US
2740,2025-03-01,organic,US
2741,2025-06-01,referral,DE
2742,2025-07-28,content,DE
2743,2025-01-22,organic,DE
2744,2025-04-05,organic,DE
2745,2025-09-02,organic,US
2746,2025-12-04,paid_social,UK
2747,2025-07-04,paid_social,AU
2748,2025-12-19,paid_search,UK
2749,2025-11-01,paid_search,AU
2750,2025-06-24,organic,US
2751,2025-11-09,referral,US
2752,2025-12-19,paid_social,DE
2753,2026-01-10,organic,BR
2754,2025-06-06,paid_search,US
2755,2026-01-10,referral,IN
2756,2025-04-21,paid_search,UK
2757,2024-09-05,content,US
2758,2025-10-20,referral,DE
2759,2026-01-18,paid_social,US
2760,2025-05-20,referral,US
2761,2025-09-29,paid_search,UK
2762,2024-08-04,referral,US
2763,2024-10-05,organic,US
2764,2025-10-18,organic,US
2765,2024-11-22,organic,DE
2766,2025-05-17,paid_search,AU
2767,2025-07-19,paid_social,UK
2768,2025-02-25,paid_search,BR
2769,2025-12-12,paid_social,AU
2770,2025-12-07,referral,IN
2771,2025-09-02,organic,UK
2772,2025-08-31,organic,UK
2773,2025-07-03,content,US
2774,2025-05-17,organic,US
2775,2025-11-04,organic,US
2776,2024-09-29,paid_search,UK
2777,2025-03-05,organic,UK
2778,2026-01-26,referral,US
2779,2025-03-06,paid_social,AU
2780,2026-01-21,paid_search,US
2781,2026-01-30,content,US
2782,2025-06-26,organic,DE
2783,2024-11-25,paid_search,CA
2784,2025-05-01,organic,UK
2785,2025-01-01,referral,US
2786,2025-02-03,organic,AU
2787,2025-12-10,paid_search,DE
2788,2025-01-30,organic,BR
2789,2025-06-06,paid_social,BR
2790,2025-07-01,paid_social,UK
2791,2025-05-30,referral,IN
2792,2025-12-26,paid_search,UK
2793,2025-02-06,paid_search,DE
2794,2025-10-16,referral,UK
2795,2024-11-11,paid_search,US
2796,2025-12-06,referral,US
2797,2026-01-18,organic,US
2798,2026-01-05,organic,UK
2799,2025-12-10,organic,UK
2800,2024-11-21,organic,BR
2801,2026-01-13,paid_social,DE
2802,2025-07-13,paid_social,US
2803,2025-08-18,paid_search,UK
2804,2025-06-11,content,AU
2805,2024-12-20,organic,UK
2806,2025-05-09,paid_social,BR
2807,2024-12-20,referral,US
2808,2025-01-29,paid_search,IN
2809,2026-01-08,paid_social,IN
2810,2025-09-26,organic,US
2811,2025-01-15,paid_search,IN
2812,2025-04-23,organic,CA
2813,2025-10-06,paid_search,UK
2814,2025-12-31,paid_search,IN
2815,2025-09-30,paid_search,IN
2816,2025-05-05,paid_search,DE
2817,2025-11-09,paid_social,AU
2818,2025-08-10,paid_social,IN
2819,2025-04-16,organic,US
2820,2026-01-16,paid_search,US
2821,2025-12-01,paid_social,US
2822,2026-01-02,referral,US
2823,2025-12-24,content,US
2824,2024-12-25,paid_social,IN
2825,2024-11-04,paid_search,CA
2826,2024-10-04,organic,BR
2827,2025-05-08,organic,US
2828,2025-08-13,referral,US
2829,2025-04-02,referral,US
2830,2025-07-11,paid_search,BR
2831,2025-11-25,paid_search,IN
2832,2024-11-11,referral,US
2833,2026-01-15,paid_search,DE
2834,2024-11-23,organic,IN
2835,2025-06-25,organic,US
2836,2025-03-17,referral,US
2837,2026-01-10,organic,US
2838,2025-04-23,content,US
2839,2024-10-27,organic,US
2840,2025-09-28,content,US
2841,2025-02-26,organic,DE
2842,2026-01-06,organic,US
2843,2025-07-07,content,UK
2844,2025-12-14,organic,CA
2845,2025-01-07,referral,IN
2846,2024-10-08,paid_social,US
2847,2025-07-21,paid_social,US
2848,2025-12-19,organic,BR
2849,2025-04-01,paid_search,US
2850,2025-03-12,paid_search,IN
2851,2025-03-22,referral,BR
2852,2025-11-18,content,BR
2853,2025-07-06,content,US
2854,2024-11-25,paid_search,US
2855,2024-11-16,content,DE
2856,2025-11-20,content,US
2857,2025-12-02,referral,UK
2858,2025-07-04,paid_search,AU
2859,2025-12-12,organic,IN
2860,2025-08-06,paid_social,CA
2861,2025-07-28,paid_search,US
2862,2024-09-07,paid_social,UK
2863,2025-05-09,organic,CA
2864,2024-12-26,content,UK
2865,2024-12-16,paid_social,BR
2866,2024-09-19,content,CA
2867,2025-12-15,paid_social,US
2868,2024-07-23,referral,US
2869,2025-12-02,referral,AU
2870,2026-01-24,paid_search,CA
2871,2025-03-08,organic,UK
2872,2025-05-26,paid_search,US
2873,2025-03-07,organic,DE
2874,2025-11-13,referral,US
2875,2025-11-03,paid_search,US
2876,2025-06-02,paid_search,US
2877,2025-11-23,paid_social,DE
2878,2026-01-02,paid_search,US
2879,2024-12-29,paid_social,IN
2880,2024-11-08,paid_search,UK
2881,2025-07-31,paid_social,IN
2882,2025-09-13,organic,CA
2883,2025-11-05,paid_search,US
2884,2025-03-07,organic,CA
2885,2025-11-08,paid_search,US
2886,2025-03-31,referral,AU
2887,2025-06-19,paid_search,US
2888,2026-01-22,paid_search,US
2889,2025-11-06,paid_search,IN
2890,2024-11-08,paid_search,BR
2891,2025-03-13,paid_search,US
2892,2025-12-17,paid_search,BR
2893,2025-01-10,paid_social,US
2894,2025-09-02,paid_search,US
2895,2025-02-18,organic,US
2896,2025-07-08,content,US
2897,2026-01-04,paid_search,BR
2898,2025-08-12,content,US
2899,2025-09-08,organic,US
2900,2025-04-08,organic,US
2901,2025-07-29,referral,US
2902,2025-10-16,paid_search,US
2903,2026-01-27,paid_social,US
2904,2025-05-27,paid_search,IN
2905,2025-03-25,organic,UK
2906,2026-01-30,paid_social,US
2907,2025-11-18,organic,AU
2908,2025-08-17,referral,CA
2909,2025-08-24,paid_social,CA
2910,2025-12-04,organic,CA
2911,2025-05-04,organic,US
2912,2025-04-14,content,IN
2913,2024-12-24,paid_social,IN
2914,2025-06-09,paid_search,UK
2915,2025-08-27,paid_social,CA
2916,2025-03-20,paid_social,BR
2917,2024-09-20,organic,US
2918,2025-11-21,paid_search,US
2919,2025-11-21,paid_search,BR
2920,2025-11-30,paid_social,BR
2921,2025-04-21,paid_search,US
2922,2025-05-05,organic,US
2923,2026-01-09,content,IN
2924,2025-04-30,organic,IN
2925,2024-09-27,paid_social,CA
2926,2025-12-29,referral,DE
2927,2025-09-24,paid_social,US
2928,2025-02-22,organic,BR
2929,2024-12-20,paid_social,UK
2930,2024-11-07,organic,BR
2931,2024-11-01,paid_social,US
2932,2025-04-08,organic,AU
2933,2025-12-23,referral,US
2934,2024-07-22,organic,US
2935,2026-01-17,paid_social,UK
2936,2025-07-07,referral,US
2937,2025-09-26,paid_social,BR
2938,2024-08-27,paid_social,US
2939,2025-07-12,content,AU
2940,2025-12-23,referral,DE
2941,2025-08-09,organic,UK
2942,2025-07-25,referral,US
2943,2025-02-27,paid_social,AU
2944,2025-09-13,referral,UK
2945,2025-10-27,content,DE
2946,2024-10-23,paid_social,UK
2947,2025-07-29,referral,UK
2948,2025-09-25,paid_search,UK
2949,2024-08-28,organic,IN
2950,2025-01-15,content,CA
2951,2026-01-05,content,DE
2952,2025-05-29,paid_search,IN
2953,2025-10-03,referral,BR
2954,2025-11-26,organic,DE
2955,2025-07-18,paid_social,US
2956,2025-09-02,content,IN
2957,2025-11-11,organic,IN
2958,2024-08-11,paid_search,AU
2959,2025-06-25,paid_search,AU
2960,2026-01-29,paid_search,US
2961,2026-01-09,paid_social,US
2962,2025-05-08,organic,DE
2963,2025-12-17,paid_search,DE
2964,2025-07-20,organic,IN
2965,2025-11-29,paid_search,US
2966,2026-01-16,paid_social,BR
2967,2025-04-11,organic,AU
2968,2025-05-27,organic,IN
2969,2025-06-02,organic,US
2970,2025-10-31,paid_search,UK
2971,2025-12-21,content,BR
2972,2025-02-11,referral,AU
2973,2026-01-23,paid_search,UK
2974,2025-02-26,paid_social,US
2975,2025-03-10,paid_search,CA
2976,2025-07-19,organic,BR
2977,2025-02-22,organic,CA
2978,2025-09-30,paid_search,UK
2979,2024-11-17,paid_search,US
2980,2025-07-25,organic,AU
2981,2026-01-12,content,DE
2982,2026-01-08,paid_search,US
2983,2025-03-20,paid_search,US
2984,2025-11-24,paid_social,IN
2985,2024-12-26,paid_search,US
2986,2025-05-11,paid_social,US
2987,2025-10-17,referral,UK
2988,2025-10-20,referral,US
2989,2025-05-12,paid_social,UK
2990,2026-01-26,paid_search,IN
2991,2025-05-23,paid_social,UK
2992,2024-07-12,content,US
2993,2024-08-09,referral,UK
2994,2024-11-21,paid_search,UK
2995,2025-12-03,paid_search,UK
2996,2025-09-27,content,CA
2997,2025-02-04,organic,US
2998,2025-11-29,organic,US
2999,2025-04-28,paid_social,AU
3000,2025-09-23,paid_social,DE
